filename,easyocr_result,cnn_result,hybrid_result,easyocr_yes,cnn_yes,hybrid_yes,hybrid_region_yes,hybrid_letter_yes,hybrid_digits_yes
Vehicle0.jpg,মেট্রো গ ঢাক| ৩৭-৬২৩৮,ঢাকা মেট্রো-গ ৩৭৬২৩৮,ঢাকা মেট্রো গ ৩৭-৬২৩৮,yes,yes,yes,yes,yes,yes
Vehicle1001.jpg,ঢাকা সেট্রো ২৯-৩৫৯২,ঢাকা মেট্রো-গ ২৯৩৫৯২,ঢাকা মেট্রো-গ ২৯-৩৫৯২,n,y,y,y,y,y
Vehicle1003.jpg,ঢাকা মেট্রো: ১৭-২৭৫০,ঢাকা মেট্রো-ঘ ১৭২৭৫০,ঢাকা মেট্রো-ঘ ১৭-২৭৫০,n,y,y,y,y,y
Vehicle10.jpg,রাজমেট্রোব ১১০১৫৭,ঢাকা -ব ১৯০১৬৭,রাজশাহী -ব ১৯০১৬৭,n,n,y,y,y,n
Vehicle1005.jpg,ঢাকা মেেট্রো-চ ১১-৮১৪৪,ঢাকা মেট্রো-খ ১১৮১৪৪,ঢাকা মেট্রো-খ ১১-৮১৪৪,y,n,n,y,n,y
Vehicle103.jpg,ঢাকা মেেট্রো ২৩-৯৪৮,ঢাকা মেট্রো-গ ২৩৯৪৮৯,ঢাকা মেট্রো-গ ২৩৯৪৮৯,n,y,y,y,y,y
Vehicle1042.jpg,ঢক1 :ম'9' ১৩-০৮২৩,ঢাকা মেট্রো-ল ২০৮২৩২,ঢাকা মেট্রো-ল ১৩-০৮২৩,n,n,n,y,n,y
Vehicle102.jpg,রাজ মেট্রো-চ ৫১ং০০৫৬,ঢাকা মেট্রো-চ ৫১০০৫৬,রাজশাহী মেট্রো-চ ৫১-০০৫৬,y,n,y,y,y,y
Vehicle1014.jpg,ঢাকা মেট্রো্গ ২৭-৯৩৬৯,ঢাকা মেট্রো-গ ২৭৯৩৬৯,ঢাকা মেট্রো-গ ২৭-৯৩৬৯,y,y,y,y,y,y
Vehicle1019.jpg,৮1ক! মডটী চ ১৩-৭০১0,ঢাকা -ল ১৭০১০৮,ঢাকা -ল ১৭০১০৮,n,n,n,y,n,y
Vehicle1022.jpg,ঢাকা মেট্রো ১৫-৪২৪১,ঢাকা মেট্রো-গ ১৫৪২৪১,ঢাকা মেট্রো-গ ১৫-৪২৪১,y,y,y,y,y,y
Vehicle1024.jpg,ঢাকা মেট্রো: ১৭-২৭৫০,ঢাকা মেট্রো-ঘ ১৭২৭৫০,ঢাকা মেট্রো-ঘ ১৭-২৭৫০,n,y,y,y,y,y
Vehicle1044.jpg,ঢাশ মেট্রো ২৫-০৩৩৯,ঢাকা মেট্রো-গ ২৫৮০৩৩,ঢাকা মেট্রো-গ ২৫-০৩৩৯,y,y,y,y,y,y
Vehicle1010.jpg,ঢাকা শেেট্রো: ১১-৩৯৫৯,ঢাকা মেট্রো-ঘ ,ঢাকা মেট্রো-ঘ ১১-৩৯৫৯,n,n,y,y,y,y
Vehicle1065.jpg,চট্টর মযট্র] গ ১২-৪১০৫,চট্ট মেট্রো-গ ১২৪১০৫,চট্ট মেট্রো-গ ১২-৪১০৫,y,y,y,y,y,y
Vehicle1095.jpg,ঢাক] খে ট্র] ১৩-৭00,ঢাকা মেট্রো-ল ২৭০১৮০,ঢাকা মেট্রো-ল ২৭০১৮০,n,n,n,y,n,n
Vehicle1079.jpg,ঢা| 6ড] ৩১-০৩৮৪,ঢাকা মেট্রো-গ ৩৮১০৩৭,ঢাকা মেট্রো-গ ৩১-০৩৮৪,n,y,y,y,y,y
Vehicle1063.jpg,ঢাকা মেট্রোগ ১৭-১১৩৩,ঢাকা মেট্রো-গ ১৭১১৩৩,ঢাকা মেট্রো-গ ১৭-১১৩৩,y,y,y,y,y,y
Vehicle1058.jpg,ঢাকা মেট্রো: ২-২৮৬৪,ঢাকা মেট্রো-গ ,ঢাকা মেট্রো-গ ,y,n,n,y,y,n
Vehicle1075.jpg,ঢাকা মেট্রো-খ ১২৪০২০০,ঢাকা মেট্রো-খ ১২০২০০,ঢাকা মেট্রো-খ ১২-০২০০,y,y,y,y,y,y
Vehicle1074.jpg,ঢাকা মেেট্রো ্গ ৩৪ং৫০৩৫,ঢাকা মেট্রো-গ ৩৪৫০৩৫,ঢাকা মেট্রো-গ ৩৪-৫০৩৫,y,y,y,y,y,y
Vehicle1093.jpg,ঢাকা নেেট্রেী: ৩৫-৯৮৯৫,ঢাকা মেট্রো-ঘ ৩৫৯৮৯৫,ঢাকা মেট্রো-ঘ ৩৫-৯৮৯৫,n,n,n,y,n,y
Vehicle1129.jpg,ঢাকা মেট্রো গ ৩৯-০৯৫৮,ঢাকা মেট্রো-গ ৩৯০৯৫৮,ঢাকা মেট্রো গ ৩৯-০৯৫৮,,,,,,
Vehicle1144.jpg,দটাগ ঢক]  ৩০80~৮২,ঢাকা মেট্রো-গ ৩৪০২৮২,ঢাকা মেট্রো-গ ৩৪০২৮২,,,,,,
Vehicle1133.jpg,৩|কা সেড়্রো [১১৪০৭৯,ঢাকা মেট্রো-ল ,ঢাকা মেট্রো-ল ,,,,,,
Vehicle1109.jpg,ঢাক1 শেট্র] ২৫০৯৭৮১,ঢাকা -গ ২৫৯৭৮১,ঢাকা -গ ২৫-৯৭৮১,n,y,y,y,y,y
Vehicle1128.jpg,মেট্রো ঘ ঢাকা ১৮-০90৯,ঢাকা -ল ১৮০৭০৯,ঢাকা মেট্রো ঘ ১৮০৭০৯,y,n,y,y,y,y
Vehicle1101.jpg,ঢাক] ` মেট্রা গ 89:২১৭৩], মেট্রো-খ ২৪৩২৭৩,ঢাকা মেট্রো-খ ২৪৩২৭৩,n,n,n,y,n,n
Vehicle1185.jpg,ঢাকা মণট্রী- ২২ং০৩২৭,ঢাকা মেট্রো-গ ২২০৩২৭,ঢাকা মেট্রো-গ ২২-০৩২৭,,,,,,
Vehicle1149.jpg,ঢাতো খেট্রী গ ২৩-৪৬৫৪,ঢাকা মেট্রো-গ ২৩৪৬৫৪,ঢাকা মেট্রো-গ ২৩-৪৬৫৪,,,,,,
Vehicle1157.jpg,ঢাকা মেণট্রো ১৫২৮২১৬,ঢাকা মেট্রো-ঘ ১৫৮২১৬,ঢাকা মেট্রো-ঘ ১৫-৮২১৬,,,,,,
Vehicle1183.jpg,ঢা বৈদর: ৩8:৫0৬৫|,ঢাকা -ল ,ঢাকা -ল ,,,,,,
Vehicle1184.jpg,ঢাকা মেট্রো-গ ২৭-৯১২৬৭,ঢাকা মেট্রো-গ ২৭৯২৬৭,ঢাকা মেট্রো-গ ২৭৯২৬৭,,,,,,
Vehicle1167.jpg,ঢাকা মংট্রা ৩১-০০৮0,ঢাকা মেট্রো-গ ৩১০০৮০,ঢাকা মেট্রো-গ ৩১০০৮০,,,,,,
Vehicle1229.jpg,চাকা ১৫-৬২৯৯ মেড্র],ঢাকা মেট্রো-ঘ ২১৫২৯৯,ঢাকা মেট্রো-ঘ ১৫-৬২৯৯,,,,,,
Vehicle1191.jpg,ঢাম পটঁ ১৯৫৭০৯,ঢাকা মেট্রো-ল ,ঢাকা মেট্রো-ল ,,,,,,
Vehicle1233.jpg,$| ঢাকা  মেট্রো ২২'৪৯৪৪,ঢাকা মেট্রো-ক ২২৪৯৪৪,ঢাকা মেট্রো-ক ২২-৪৯৪৪,,,,,,
Vehicle1207.jpg,ঢাকা মণট্রা ১৭৪৩২৩৩,ঢাকা মেট্রো-ঘ ১৭৩২৩৩,ঢাকা মেট্রো-ঘ ১৭-৩২৩৩,,,,,,
Vehicle1236.jpg,১২ ঔঢ১ীগ> মেট্রৌ-গ ঢাকা ৯৭১০,ঢাকা মেট্রো-গ ২২৯৭১০,ঢাকা মেট্রো-গ ২২৯৭১০,,,,,,
Vehicle1193.jpg,ঢাক1 শেট্র] ২৫০৯৭৮১,ঢাকা -গ ২৫৯৭৮১,ঢাকা -গ ২৫-৯৭৮১,,,,,,
Vehicle1198.jpg,ঢাক1 থেট্র] ১৯-৪০৬৭,ঢাকা মেট্রো-চ ৪৪০৬২৮,ঢাকা মেট্রো-চ ১৯-৪০৬৭,,,,,,
Vehicle1218.jpg,মেট্রো গ ঢাকা  ১৯৪১৯৫৮,ঢাকা মেট্রো-গ ৩৯০৪২২,ঢাকা মেট্রো গ ১৯-১৯৫৮,,,,,,
Vehicle1227.jpg,খুলনা মেট্রো- হ ১২-৪২৩৪,ঢাকা মেট্রো-হ ১২৪২৩৪,খুলনা মেট্রো-হ ১২-৪২৩৪,,,,,,
Vehicle1250.jpg,ঢাকা মেট্রো-গ ২০-৭৫৮৫,ঢাকা মেট্রো-গ ২০৭৫৮৫,ঢাকা মেট্রো-গ ২০-৭৫৮৫,,,,,,
Vehicle1260.jpg,ঢাকা মেট্রৌ গ ৩৯-১৭৮৬,ঢাকা মেট্রো-গ ৩৯১৭৮৬,ঢাকা মেট্রো-গ ৩৯-১৭৮৬,,,,,,
Vehicle1249.jpg,হ খাগড়াছড়ি- ১১-৩২৩৩, মেট্রো-হ ১১৩২৩৩, মেট্রো-হ ১১-৩২৩৩,,,,,,
Vehicle1257.jpg,ঢাকা মেট্রো-গ ২৫৪৮৮০০,ঢাকা মেট্রো-গ ২৫৮৮০০,ঢাকা মেট্রো-গ ২৫-৮৮০০,,,,,,
Vehicle1267.jpg,ঢাকা সেেট্রো |২১৪৩৩৭8,ঢাকা মেট্রো-গ ২১৩৩৭৪,ঢাকা মেট্রো-গ ২১৩৩৭৪,,,,,,
Vehicle1255.jpg,"""0)&51!11|71! ঢাকী মেট্রোগ ৩১৪৯৯৭৪ দঢ7",ঢাকা মেট্রো-হ ৩৮৩৮৫৭,ঢাকা মেট্রো-হ ৩১-৯৯৭৪,,,,,,
Vehicle1256.jpg,ঢাকা মেট্রো-গ ২০৪৮৮০০,ঢাকা মেট্রো-গ ২৫৮৮০০,ঢাকা মেট্রো-গ ২০-৮৮০০,,,,,,
Vehicle1247.jpg,ঢাকা মেট্রৌ গ ২০৪৭৫৮৫,ঢাকা মেট্রো-গ ২০৭৫৮৫,ঢাকা মেট্রো-গ ২০-৭৫৮৫,,,,,,
Vehicle1254.jpg,{{354132 ঢাকা মে্রো-গ ১৯৭৮৬১২,ঢাকা -গ ১৯৮৬১২,ঢাকা -গ ১৯-৮৬১২,,,,,,
Vehicle1244.jpg,ঢাকা মেট্রো গ ৩৯-১৭৮৬,ঢাকা মেট্রো-গ ৩৯১৭৮৬,ঢাকা মেট্রো গ ৩৯-১৭৮৬,,,,,,
Vehicle1274.jpg,চট্ট মেট্রোগ ১৩-২২৩৮,চট্ট মেট্রো-গ ১৭৪২২৪,চট্ট মেট্রো-গ ১৩-২২৩৮,,,,,,
Vehicle1245.jpg,ঢাকা মেট্রো ১৫-৫৫২০,ঢাকা মেট্রো-ঘ ১৫৫৫২০,ঢাকা মেট্রো-ঘ ১৫-৫৫২০,,,,,,
Vehicle1240.jpg,ঢাকা মেট্রো-গ ৩৩-৭৩8৬,ঢাকা মেট্রো-গ ৩৩৭৩৪৬,ঢাকা মেট্রো-গ ৩৩৭৩৪৬,,,,,,
Vehicle1271.jpg,ঢাকা মেট্রোগ ১৯২২০২৩,ঢাকা মেট্রো-গ ১৯২০২৩,ঢাকা মেট্রো-গ ১৯-২০২৩,,,,,,
Vehicle1326.jpg,ঢাকা মেট্রো গ ২৩3৭893,ঢাকা মেট্রো-গ ২৩৭৪৭১,ঢাকা মেট্রো গ ২৩৭৪৭১,,,,,,
Vehicle13.jpg,|মেট্রী; ঢাকা ২২০ ৪99৫,ঢাকা মেট্রো-গ ২০৪৭৭৫,ঢাকা মেট্রো-গ ২০৪৭৭৫,n,y,y,y,y,y
Vehicle130.jpg,কুড়িগ্রাম হ 01 ১৩-৫৩৯৪ 8৭ড়ভ19 0015104400,ঢাকা -হ ১৩৫৩৯৪,কুষ্টিয়া -হ ১৩-৫৩৯৪,y,n,y,y,y,y
Vehicle1315.jpg,ঢাকা মেট্রো- ১৩-৪৫১১,ঢাকা মেট্রো-ঘ ১৩৪৫১১,ঢাকা মেট্রো-ঘ ১৩-৪৫১১,,,,,,
Vehicle1318.jpg,ঢাক মেট্রো ৩৫ ৯০৮২,ঢাকা মেট্রো-গ ২৮৯০৮২,ঢাকা মেট্রো-গ ৩৫-৯০৮২,,,,,,
Vehicle1289.jpg,কক্সবাজার-চ ০১ং০০০১,ঢাকা মেট্রো-চ ০১০০০০,কক্সবাজার মেট্রো-চ ০১-০০০১,,,,,,
Vehicle1305.jpg,মেট্রো-গ] ঢাকী ১৯-৮০৪৩,ঢাকা মেট্রো-ল ১৯৮০৪৩,ঢাকা মেট্রো-গ ১৯-৮০৪৩,,,,,,
Vehicle1286.jpg,ঢাকা মেেট্রে] গ| ৩১-৯৬০২,ঢাকা মেট্রো-গ ৩১৯৬০২,ঢাকা মেট্রো-গ ৩১-৯৬০২,,,,,,
Vehicle1310.jpg,ঢাকা মেট্রাগ ২৩-৭৬১৮,ঢাকা মেট্রো-গ ২৩৭৬১৮,ঢাকা মেট্রো-গ ২৩-৭৬১৮,,,,,,
Vehicle1285.jpg,ঢাকা মেট্রো-ল ৩৮ ৭১৩৬,ঢাকা মেট্রো-ল ৩০৮৭৩৬,ঢাকা মেট্রো-ল ৩৮-৭১৩৬,,,,,,
Vehicle1299.jpg,ঢাকা মেট্র: ২১-৭৩৪২,ঢাকা মেট্রো-গ ২১৭৩৪২,ঢাকা মেট্রো-গ ২১-৭৩৪২,,,,,,
Vehicle1316.jpg,ঢাকা মেট্রা-গ ১৭-২৮৯,ঢাকা মেট্রো-গ ১৭২৮৯৩,ঢাকা মেট্রো-গ ১৭২৮৯৩,,,,,,
Vehicle1296.jpg,1141 শেতেী ১৭৪৮,খুলনা মেট্রো-ল ,খুলনা মেট্রো-ল ,,,,,,
Vehicle1292.jpg,ঢাকা মেণ্ট্রো-গ ৩৩-৮৭৫৬,ঢাকা মেট্রো-গ ,ঢাকা মেট্রো-গ ৩৩-৮৭৫৬,,,,,,
Vehicle1311.jpg,ঢাকা মেট্রোগ ২৩-৭৬১৮,ঢাকা মেট্রো-গ ২৩৭৬১৮,ঢাকা মেট্রো-গ ২৩-৭৬১৮,,,,,,
Vehicle1317.jpg,মেট্রীগ ঢাকা ৩৩-৮৯৭৮,ঢাকা মেট্রো-গ ৩৩৮৯৭৮,ঢাকা মেট্রো-গ ৩৩-৮৯৭৮,,,,,,
Vehicle1333.jpg,ঢাকা মেট্রো: ২৩-৪৫৩২,ঢাকা মেট্রো-গ ৮২৪৫৩২,ঢাকা মেট্রো-গ ২৩-৪৫৩২,,,,,,
Vehicle1351.jpg,মেট্রো গ ঢাকা ১৪৪৫৯২৩,ঢাকা মেট্রো-গ ১৪৫৯২৩,ঢাকা মেট্রো গ ১৪-৫৯২৩,,,,,,
Vehicle1344.jpg,সেট্রো ঢাক] ১৩৪৭০৬১, মেট্রো-ল ,ঢাকা মেট্রো-ল ১৩-৭০৬১,,,,,,
Vehicle1370.jpg,ঢাকাযেটরোগ ৯৪৮৬৯০,ঢাকা মেট্রো-গ ,ঢাকা মেট্রো-গ ,,,,,,
Vehicle1358.jpg,ঢাগযেডরো ১১-৮৭8৭,ঢাকা মেট্রো-ঘ ৪৪৮৭৪৭,ঢাকা মেট্রো-ঘ ৪৪৮৭৪৭,,,,,,
Vehicle1350.jpg,ঢাকা মেট্রী ২১-৩৪৮৫,ঢাকা মেট্রো-গ ১৩৪৮০৫,ঢাকা মেট্রো-গ ২১-৩৪৮৫,,,,,,
Vehicle1349.jpg,ঢাকা শেট্রা য [১২-৭৬৭৭,ঢাকা মেট্রো-খ ১২৭৬৭৭,ঢাকা মেট্রো-খ ১২৭৬৭৭,,,,,,
Vehicle1334.jpg,ঢাকা মেট্রো: ১১৭৮৯৩৭,ঢাকা মেট্রো-ঘ ১১৮৯৩৭,ঢাকা মেট্রো-ঘ ১১-৮৯৩৭,,,,,,
Vehicle1360.jpg,ঢাকা মেট্রৌ ্গ ১৪-৫০০৮,ঢাকা মেট্রো-গ ৪৫০০৪৮,ঢাকা মেট্রো-গ ১৪-৫০০৮,,,,,,
Vehicle1374.jpg,ঢাকা মেট্রো গ ২১-৬০১৭,ঢাকা মেট্রো-গ ২১৬০১৭,ঢাকা মেট্রো গ ২১-৬০১৭,,,,,,
Vehicle1331.jpg,৮141 মট্রী ফ১দদ১১৫৮৪,ঢাকা -ট ,ঢাকা -ট ,,,,,,
Vehicle1332.jpg,ঢাকা মেট্রা ৩৯-১৭৮৬,ঢাকা মেট্রো-গ ৪৯১৭৮৬,ঢাকা মেট্রো-গ ৩৯-১৭৮৬,,,,,,
Vehicle1330.jpg,চট্ট খেট্রো ্গ ১২৪৫৬৯৫, মেট্রো-গ ১২৫৬৯৫,চট্ট মেট্রো-গ ১২-৫৬৯৫,,,,,,
Vehicle1354.jpg,ঢাকা মেট্রো-গ ৩১-৪০৮৯,ঢাকা মেট্রো-গ ৩১৪০৮৯,ঢাকা মেট্রো-গ ৩১-৪০৮৯,,,,,,
Vehicle1372.jpg,ঢাকা মেট্রো গ ৩১-৩১২০,ঢাকা মেট্রো-গ ৩১৩১২০,ঢাকা মেট্রো গ ৩১-৩১২০,,,,,,
Vehicle1355.jpg,ঢাকা মেট্রো গ ১৭-৬২৮৯,ঢাকা মেট্রো-গ ১৭৬২৮৯,ঢাকা মেট্রো গ ১৭-৬২৮৯,,,,,,
Vehicle1347.jpg,মেেট্রো গ ঢাকা ১৪-৫০০৮,ঢাকা মেট্রো-খ ১৪৫০০৮,ঢাকা মেট্রো-খ ১৪-৫০০৮,,,,,,
Vehicle1365.jpg,ঢাকা মেট্রৌ ৩-২২৭৩,ঢাকা মেট্রো-গ ৩৩২২৭৩,ঢাকা মেট্রো-গ ৩৩২২৭৩,,,,,,
Vehicle1393.jpg,৬141 '4 ৩১-২৩৮৩,ঢাকা মেট্রো-গ ,ঢাকা মেট্রো-গ ৩১-২৩৮৩,,,,,,
Vehicle1388.jpg,সোেট্রা গ ঢাকা ১১-৯২০,ঢাকা মেট্রো-গ ১১৯২৫৩,ঢাকা মেট্রো-গ ১১৯২৫৩,,,,,,
Vehicle1383.jpg,ক মে্ট 38 0ৌ৮৮,ঢাকা মেট্রো-গ ,ঢাকা মেট্রো-গ ,,,,,,
Vehicle1390.jpg,$ ঢাক মট্রা ১১-৮৯০২,খুলনা মেট্রো-হ ২১৮৯০২,ঢাকা মেট্রো-হ ১১-৮৯০২,,,,,,
Vehicle1385.jpg,ঢবা মেট্রা ১৭-১৩৬৪,ঢাকা মেট্রো-ঘ ১৭১৩৬৪,ঢাকা মেট্রো-ঘ ১৭-১৩৬৪,,,,,,
Vehicle1404.jpg,ঢাকা মেট্রেো থ ১২-৮৫৯৫,ঢাকা মেট্রো-খ ১২৮৫৯৫,ঢাকা মেট্রো-খ ১২-৮৫৯৫,,,,,,
Vehicle1378.jpg,৮1কী মেট্রো গ ২৩-৯২৭,ঢাকা মেট্রো-গ ২৩৩৯২৭,ঢাকা মেট্রো গ ২৩৩৯২৭,,,,,,
Vehicle1384.jpg,ঢাকা মেনট্রো-ঘ ১১-০৬২১,ঢাকা মেট্রো-ঘ ১১০৬২১,ঢাকা মেট্রো-ঘ ১১-০৬২১,,,,,,
Vehicle1402.jpg,ঢা- মদ্র ১১-১৮১৭,ঢাকা মেট্রো-ল ১১১৮১৭,ঢাকা মেট্রো-ল ১১-১৮১৭,,,,,,
Vehicle1380.jpg,চট্ট মেট্রো-ঘ ১১-১১০১,চট্ট মেট্রো-ঘ ১১১১০১,চট্ট মেট্রো-ঘ ১১-১১০১,,,,,,
Vehicle1389.jpg,মেট্রো ঘ ঢাকা ১৭-৪৬০৭,ঢাকা মেট্রো-ঘ ১৭৪৬০৭,ঢাকা মেট্রো ঘ ১৭-৪৬০৭,,,,,,
Vehicle1406.jpg,ঢাকা-মেট্রো-গ ৭৮৫৭,ঢাকা মেট্রো-গ ২৮৫৬৭১,ঢাকা মেট্রো-গ ২৮৫৬৭১,,,,,,
Vehicle1395.jpg,৬131 মট্রো য ১১-০০৬৮,ঢাকা মেট্রো-ঘ ১০০৬৮০,ঢাকা মেট্রো-ঘ ১১-০০৬৮,,,,,,
Vehicle1420.jpg,চট্ট মেট্রো-ড ১১-০৪৮৩,ঢাকা মেট্রো-ঢ ১১০৪৮৩,চট্ট মেট্রো-ঢ ১১-০৪৮৩,,,,,,
Vehicle1428.jpg,কুড়িগ্রাম- হ ১৩-১৪০১ 00],খুলনা -হ ১৩১৪০১,কুষ্টিয়া -হ ১৩-১৪০১,,,,,,
Vehicle1441.jpg,চট্ট-মেট্টরো-ন ৭৬০২ ১১-,ঢাকা মেট্রো-গ ২২৭৮২৮,চট্ট মেট্রো-গ ২২৭৮২৮,,,,,,
Vehicle1426.jpg,চট্ট মেট্রোণড ১১০০৫২,চট্ট মেট্রো-ল ১১০০৫২,চট্ট মেট্রো-ল ১১০০৫২,,,,,,
Vehicle1435.jpg,ঢাকা মেড্রে] ১১-৬০০০,ঢাকা মেট্রো-গ ১১৬০০০,ঢাকা মেট্রো-গ ১১-৬০০০,,,,,,
Vehicle1421.jpg,ঢাক] শেদ] ১৫-03>3,ঢাকা মেট্রো-গ ২৫৫২২২,ঢাকা মেট্রো-গ ২৫৫২২২,,,,,,
Vehicle1438.jpg,ঢক মেট্রেো-৪ ১৫-২৫১১,ঢাকা মেট্রো-ন ১৫২৫৯৯,ঢাকা মেট্রো-ন ১৫-২৫১১,,,,,,
Vehicle1458.jpg,ঢাকা মেট্রেো গ ৩৩-৭৩৮২,ঢাকা মেট্রো-গ ৩৩৭৩৮২,ঢাকা মেট্রো-গ ৩৩-৭৩৮২,,,,,,
Vehicle1500.jpg,খুলনা মেট্রো-ঘ ০৫ং0008,খুলনা মেট্রো-ঘ ০৫০০০৪,খুলনা মেট্রো-ঘ ০৫০০০৪,,,,,,
Vehicle15.jpg,ঢাকা মেট্রোগ ০৪৪৭9৫,ঢাকা মেট্রো-গ ২০৪৭৭৫,ঢাকা মেট্রো-গ ২০৪৭৭৫,n,y,y,y,y,y
Vehicle1520.jpg,ঢীকীমেট্টো-গ ১৯-৬৫৯৪,ঢাকা মেট্রো-গ ,ঢাকা মেট্রো-গ ১৯-৬৫৯৪,,,,,,
Vehicle1518.jpg,ঢাকা মেট্রো-> @১ ১৪০১৮,ঢাকা মেট্রো-ব ২১৬১২৯,ঢাকা মেট্রো-ব ২১৬১২৯,,,,,,
Vehicle1517.jpg,ঢাকা মেট্রো-গ ৩৯-২৯৯,ঢাকা মেট্রো-গ ৩৯২৯৯৯,ঢাকা মেট্রো-গ ৩৯২৯৯৯,,,,,,
Vehicle1516.jpg,টকা েণট্রো ৫১-৪৮৭৩,ঢাকা মেট্রো-হ ১৪৮৭৩৮,ঢাকা মেট্রো-হ ৫১-৪৮৭৩,,,,,,
Vehicle1533.jpg,ঢাকা মেট্রৌো: [১৭-৩৫৯২,খুলনা মেট্রো-ঘ ২১৭৩৫২,ঢাকা মেট্রো-ঘ ২১৭৩৫২,,,,,,
Vehicle1514.jpg,ঢাকা মে-ট্র1 খ ১২-২৯২৯,ঢাকা মেট্রো-গ ১২২৯২৯,ঢাকা মেট্রো-গ ১২-২৯২৯,,,,,,
Vehicle1507.jpg,নোয়াখালী- ল ১১-৩০৫৯,খুলনা মেট্রো-ল ১১৩০৫৯,খুলনা মেট্রো-ল ১১-৩০৫৯,,,,,,
Vehicle1536.jpg,ঢাকা মেদ্রী 5| ৩১৪২৮২২,ঢাকা মেট্রো-গ ৩১২৮২২,ঢাকা মেট্রো-গ ৩১-২৮২২,,,,,,
Vehicle1531.jpg,ঢাকা মেট্রো-গ ২৩-৯৩৫৮,ঢাকা মেট্রো-গ ২৩৯৩৫৮,ঢাকা মেট্রো-গ ২৩-৯৩৫৮,,,,,,
Vehicle1555.jpg,ঢাকা মেট্রো-খ ১১৪৩৮২৬,ঢাকা মেট্রো-খ ১১৩৮২৬,ঢাকা মেট্রো-খ ১১-৩৮২৬,,,,,,
Vehicle1552.jpg,ঢাকা মেট্রো গ ২৬ং৫৫৬৫,ঢাকা মেট্রো-ল ২৬৫৫৬৫,ঢাকা মেট্রো গ ২৬-৫৫৬৫,,,,,,
Vehicle1554.jpg,চট্ট ম৫][ ঘ[ ১১-৫৬১১,ঢাকা মেট্রো-হ ১১৬৮১১,চট্ট মেট্রো-হ ১১-৫৬১১,,,,,,
Vehicle1546.jpg,ঢাকা মেট্রো ঘ ১৩২৫১৪৫,ঢাকা মেট্রো-ঘ ১৩৫১৪৫,ঢাকা মেট্রো ঘ ১৩-৫১৪৫,,,,,,
Vehicle1568.jpg,ঢাকী মেট্রো গ ৪৩ং8৩৮৮,ঢাকা মেট্রো-গ ৪৩৪৩৮৮,ঢাকা মেট্রো গ ৪৩৪৩৮৮,,,,,,
Vehicle1551.jpg,ঢাকা মেট্রো-্গ ৩৯৪৯১৭৩,ঢাকা মেট্রো-গ ৩৯৯১৭৩,ঢাকা মেট্রো-গ ৩৯-৯১৭৩,,,,,,
Vehicle1565.jpg,ঢাকা :৬' ৩-৪৫৪১,ঢাকা মেট্রো-ল ,ঢাকা মেট্রো-ল ,,,,,,
Vehicle1550.jpg,ঢাকা মেট্রো গ ২৫-০৯০,ঢাকা মেট্রো-গ ২৫০৯০৯,ঢাকা মেট্রো গ ২৫০৯০৯,,,,,,
Vehicle1559.jpg,যেট্রো গ ঢাকা  ১২ ৮৫১৮,ঢাকা মেট্রো-ল ,ঢাকা মেট্রো-ল ১২-৮৫১৮,,,,,,
Vehicle1540.jpg,"চট্টর 4"" ট্রু ১১-৯১৯৪",চট্ট মেট্রো-ল ৮২৯২৮৯,চট্ট মেট্রো-ল ১১-৯১৯৪,,,,,,
Vehicle1548.jpg,ঢাকা মেট্রো গ ৩৫-৯৫৬৮,ঢাকা মেট্রো-ক ৩৫৯৫৬৮,ঢাকা মেট্রো গ ৩৫-৯৫৬৮,,,,,,
Vehicle1541.jpg,চট্ট মট্রা গ ১১-৯১৯৪,চট্ট মেট্রো-গ ১১৯১৯৪,চট্ট মেট্রো-গ ১১-৯১৯৪,,,,,,
Vehicle1538.jpg,ঢাকা মেট্রো: ১১ং৪৭৯৩,ঢাকা মেট্রো-ঘ ১৪৭০৯৩,ঢাকা মেট্রো-ঘ ১১-৪৭৯৩,,,,,,
Vehicle1569.jpg,ঢাক] মে-েট্রা গ ২১-৮৬৩৫,ঢাকা মেট্রো-ল ,ঢাকা মেট্রো-ল ২১-৮৬৩৫,,,,,,
Vehicle1603.jpg,ঢাব ডবদ্র ২২-১৪৮০,ঢাকা মেট্রো-গ ২২১৪৮০,ঢাকা মেট্রো-গ ২২-১৪৮০,,,,,,
Vehicle1590.jpg,চট্ট মেট্রোঠ ১১-০০৬২,চট্ট মেট্রো-ক ১১০০৬২,চট্ট মেট্রো-ক ১১-০০৬২,,,,,,
Vehicle158.jpg,ঢাকা মেট্রো হ ৪১-৫৫১০,ঢাকা মেট্রো-ল ৪১৫৫১০,ঢাকা মেট্রো হ ৪১-৫৫১০,y,n,y,y,y,y
Vehicle1602.jpg,দ ২২-৬৪৮,ঢাকা মেট্রো-ন ,ঢাকা মেট্রো-ন ,,,,,,
Vehicle1601.jpg,ঢাকা মেট্রেো ক ১৪৪০৪৮১,ঢাকা মেট্রো-ক ১৪০৪৮১,ঢাকা মেট্রো-ক ১৪-০৪৮১,,,,,,
Vehicle1578.jpg,চট্ট মে-ট্রা গ ১১-১৯৬৫,চট্ট মেট্রো-গ ২১১৯৬৫,চট্ট মেট্রো-গ ১১-১৯৬৫,,,,,,
Vehicle1599.jpg,৮1ক1 মেেট্রৌ গ ৩৫-৮৭৮৮,ঢাকা মেট্রো-গ ৩৫৮৭৮৮,ঢাকা মেট্রো-গ ৩৫-৮৭৮৮,,,,,,
Vehicle1616.jpg,ঢাকা মে-ট্রা গ ১৩-২৫২০,ঢাকা মেট্রো-গ ১৩২৫২০,ঢাকা মেট্রো-গ ১৩-২৫২০,,,,,,
Vehicle1587.jpg,ঢাকা মেট্রো গ ৩৫৪৮৩৪০|,ঢাকা মেট্রো-গ ৩৫৮৩৪০,ঢাকা মেট্রো গ ৩৫৮৩৪০,,,,,,
Vehicle1641.jpg,ঢাকা শেদর] ৭ ১৫-৫>73,ঢাকা মেট্রো-গ ২৫৫২২২,ঢাকা মেট্রো-গ ২৫৫২২২,,,,,,
Vehicle1645.jpg,ঢাকা মেট্ো-ছ ৭১-২৭৫৭,ঢাকা মেট্রো-হ ৭১২৭৫৭,ঢাকা মেট্রো-হ ৭১-২৭৫৭,,,,,,
Vehicle1653.jpg,ঢাকা মেট্টো-ল ৩৩ ৯০১২ 0018238856,ঢাকা মেট্রো-ল ৩৩৯০১২,ঢাকা মেট্রো-ল ৩৩৯০১২,,,,,,
Vehicle1646.jpg,ঢাকা মেট্রো-ঝ ১১০২০৫৫ ৮,ঢাকা মেট্রো-ক ১১০৫৫৮,ঢাকা মেট্রো-ক ১১-২০৫৫,,,,,,
Vehicle1649.jpg,ঢাকা স৫ ট্রা-গ ২৯৪ ৪৮৬,ঢাকা মেট্রো-গ ২৯০০৮৬,ঢাকা মেট্রো-গ ২৯০০৮৬,,,,,,
Vehicle1624.jpg,ঢাকা মেট্রে' ১৫: ৮৪১৬,ঢাকা মেট্রো-গ ১৫৮৪১৬,ঢাকা মেট্রো-গ ১৫৮৪১৬,,,,,,
Vehicle1644.jpg,ঢাকা 9[ 98- ২৮৬ 17 3588074 মেট্রো: ৫,ঢাকা মেট্রো-গ ৩৪৫২৮৬,ঢাকা মেট্রো-গ ৩৪৫২৮৬,,,,,,
Vehicle1627.jpg,"ঢাকা ,ম-ট্রা $| ৩২-১৮৩৬",ঢাকা মেট্রো-গ ৩২১৮৩৬,ঢাকা মেট্রো-গ ৩২-১৮৩৬,,,,,,
Vehicle1626.jpg,ঢাকা মেট্রো ন ১৩-১৩৩২,ঢাকা মেট্রো-ন ১৩৯০৮২,ঢাকা মেট্রো ন ১৩-১৩৩২,,,,,,
Vehicle1652.jpg,ঢাকা সে ট্রা খ ১৩০১০৯৬,ঢাকা মেট্রো-খ ১৩১০৯৬,ঢাকা মেট্রো-খ ১৩-১০৯৬,,,,,,
Vehicle1637.jpg,হ্ যশোর- ১৬-৪২৫২,ঢাকা মেট্রো-হ ১৬৪২৫২,যশোর মেট্রো-হ ১৬-৪২৫২,,,,,,
Vehicle1648.jpg,ঢাকা মেট্রো ঘ 49 ১-০০৮৫,ঢাকা মেট্রো-ঘ ১১০০৮৫,ঢাকা মেট্রো ঘ ১১০০৮৫,,,,,,
Vehicle1631.jpg,ঢাকা মেট্রো-গ ৩১৪০৮৯,ঢাকা মেট্রো-গ ৩১০৮৯১,ঢাকা মেট্রো-গ ৩১০৮৯১,,,,,,
Vehicle1651.jpg,ঢাকা মেট্রো-গ ২১-৬৫৬৩,ঢাকা মেট্রো-গ ২১৬৫৬৩,ঢাকা মেট্রো-গ ২১-৬৫৬৩,,,,,,
Vehicle1662.jpg,চট্টযেট্রো স২২৯,চট্ট মেট্রো-প ১২২৬৪৯,চট্ট মেট্রো-প ১২২৬৪৯,,,,,,
Vehicle1661.jpg,৮টদয দরটও ১৯১১৮৯,খুলনা মেট্রো-ঢ ২১৩১৮৯,খুলনা মেট্রো-ঢ ২১৩১৮৯,,,,,,
Vehicle1666.jpg,চট্টগ্রাম- থ ১৪-৬৩৩৭,খুলনা মেট্রো-খ ৪০৬৩৩৭,চট্ট মেট্রো-খ ১৪-৬৩৩৭,,,,,,
Vehicle1668.jpg,চট্টমেট্রেোপ ০৫ ০২৮৩,চট্ট মেট্রো-প ০৫০২৮৩,চট্ট মেট্রো-প ০৫-০২৮৩,,,,,,
Vehicle1660.jpg,চট্ট মেট্রো: হ ১৭-৯৭৭২,চট্ট মেট্রো-চ ১৭৯৭৭২,চট্ট মেট্রো-চ ১৭-৯৭৭২,,,,,,
Vehicle1687.jpg,চট্ট সেট্রো 5| ১৯-৬৫২৫,চট্ট মেট্রো-গ ১১৬৫২৫,চট্ট মেট্রো-গ ১৯-৬৫২৫,,,,,,
Vehicle1678.jpg,চট্ মেট্রোল ৩-৯১১৪ 9),চট্ট মেট্রো-ল ,চট্ট মেট্রো-ল ,,,,,,
Vehicle1676.jpg,চট্ট মেট্রো: ছ ১৫-৫৭৫৮,চট্ট মেট্রো-হ ২১৫৭৫৮,চট্ট মেট্রো-হ ১৫-৫৭৫৮,,,,,,
Vehicle1679.jpg,চট্ট মেট্রোগ ১২-৬৬৭১,চট্ট মেট্রো-গ ১২৬৬৭১,চট্ট মেট্রো-গ ১২-৬৬৭১,,,,,,
Vehicle1675.jpg,চট্ট মেট্রো {991410 091423063 ত ১৬-৭৯৩৫,চট্ট মেট্রো-চ ১৬৭৯৩৫,চট্ট মেট্রো-চ ১৬-৭৯৩৫,,,,,,
Vehicle1686.jpg,চট্ট মেট্রো-খ ১১-১৯৯৭,চট্ট মেট্রো-গ ১১১৯৯৭,চট্ট মেট্রো-খ ১১-১৯৯৭,,,,,,
Vehicle1677.jpg,চট্ট ল ১৬-৪২৩১ 827419 0: মেট্রো,চট্ট মেট্রো-ল ১৬০৪৩১,চট্ট মেট্রো-ল ১৬-৪২৩১,,,,,,
Vehicle1696.jpg,খুলনা মেট্রো-ন ১১০১৭৩০,খুলনা মেট্রো-ন ১১১৭৩০,খুলনা মেট্রো-ন ১১-১৭৩০,,,,,,
Vehicle1694.jpg,খলনা সেেঢো স ১২ > ৯৬০ 09,খুলনা মেট্রো-ল ,নাটোর মেট্রো-ল ,,,,,,
Vehicle1689.jpg,ক ৮9 মেট্রো ১১৭০৮৯৪,চট্ট মেট্রো-ক ১১০৮৯৪,চট্ট মেট্রো-ক ১১-০৮৯৪,,,,,,
Vehicle1692.jpg,চট্ মেট্টরো-গ ১৩ ৯৩৩২,চট্ট মেট্রো-গ ১৩৯৩৩২,চট্ট মেট্রো-গ ১৩-৯৩৩২,,,,,,
Vehicle1688.jpg,চট্ট ক মেট্রো ১১৭০৮ ৯৪,চট্ট মেট্রো-ক ১১০৮৯৪,চট্ট মেট্রো-ক ১১০৮৯৪,,,,,,
Vehicle1704.jpg,ণরো ল খুলনা: ২০৮৭ ১২,খুলনা মেট্রো-ল ২২২০৮৭,খুলনা মেট্রো-ল ২২২০৮৭,,,,,,
Vehicle1699.jpg,মেট্রো গ ঢাকা ২৮-৮১২৬,ঢাকা মেট্রো-গ ২৮৮৯২৬,ঢাকা মেট্রো গ ২৮-৮১২৬,,,,,,
Vehicle1707.jpg,খুলনা মেট্রো- ঠ ১১-০১৪৫,ঢাকা মেট্রো-ঠ ১১০০৪৫,খুলনা মেট্রো-ঠ ১১-০১৪৫,,,,,,
Vehicle1703.jpg,খুলনা মেট্রো ম ১১-০৮৩০,খুলনা মেট্রো-ন ১১০৮৩০,খুলনা মেট্রো ম ১১-০৮৩০,,,,,,
Vehicle1700.jpg,খুলনা মেট্রো- হ ১৩-৫৮৩৯,খুলনা মেট্রো-ট ১০৩৫৩৯,খুলনা মেট্রো-ট ১৩-৫৮৩৯,,,,,,
Vehicle1708.jpg,ঢাকা মেট্রো ১৮-৭৯৭8 ট,ঢাকা মেট্রো-চ ১৮৭৯৭৪,ঢাকা মেট্রো-চ ১৮৭৯৭৪,,,,,,
Vehicle1701.jpg,চট্ট মেট্রো-গ ১৩-২১০৭,চট্ট মেট্রো-গ ১৩২১০৭,চট্ট মেট্রো-গ ১৩-২১০৭,,,,,,
Vehicle1698.jpg,মেট্রো চ খুলনা ৫১৪০২১৩,খুলনা মেট্রো-চ ৫১০২১৩,খুলনা মেট্রো চ ৫১-০২১৩,,,,,,
Vehicle1712.jpg,খুলনা মেট্রো ত ১২-৬০৫৯,খুলনা মেট্রো-হ ১২৬০৫৯,খুলনা মেট্রো-হ ১২-৬০৫৯,,,,,,
Vehicle1713.jpg,ঢাকা মেট্রো ঝ ১২-০০৮৫,ঢাকা মেট্রো-ক ১২০০৮৫,ঢাকা মেট্রো-ক ১২-০০৮৫,,,,,,
Vehicle1711.jpg,হ ১৭-৪০১৫ সাতক্ষীরা:,ঢাকা মেট্রো-ল ৭৪০০১৫,ঢাকা মেট্রো-ল ১৭-৪০১৫,,,,,,
Vehicle1709.jpg,খুলনা মেট্রো- চ ১১-০১৭৪,খুলনা মেট্রো-চ ১১০১৭৪,খুলনা মেট্রো-চ ১১-০১৭৪,,,,,,
Vehicle1726.jpg,৬|}| ১৩-৩৪৯৫ @|,ঢাকা মেট্রো-ল ৮৮৩৪৯৫,ঢাকা মেট্রো-ল ১৩-৩৪৯৫,,,,,,
Vehicle1727.jpg,ঢাকা মেট্রো ১৩-৮১৩৫,ঢাকা মেট্রো-ঢ ১৮১৩৫৮,ঢাকা মেট্রো-ঢ ১৩-৮১৩৫,,,,,,
Vehicle177.jpg,৭১ কুড়িগ্রাম-হঁ ১১-৩১,ঢাকা মেট্রো-ল ১১৬৩১৭,কুষ্টিয়া মেট্রো-ল ১১৬৩১৭,n,n,n,n,n,n
Vehicle24.jpg,নাঢোর: হ ১২-৭৩৯৪,ঢাকা মেট্রো-ব ১২৭৩৯৪,নাটোর মেট্রো-ব ১২-৭৩৯৪,y,n,y,y,y,y
Vehicle40.jpg,ভোলা: ল ১১-০১৮৩,ঢাকা মেট্রো-ল ১২২৪০৩,ঢাকা মেট্রো-ল ১১-০১৮৩,y,n,n,n,y,y
Vehicle688.jpg,ঢাকা নেণডর! [২৫-০৩৩৯,ঢাকা মেট্রো-গ ২৫০৩৩৯,ঢাকা মেট্রো-গ ২৫০৩৩৯,n,y,y,y,y,y
Vehicle726.jpg,ঢাকা মেট্রেো ১৭-২১৬৪,ঢাকা মেট্রো-গ ১৭২১৬৪,ঢাকা মেট্রো-গ ১৭-২১৬৪,n,y,y,y,y,y
Vehicle727.jpg,ঢাকা সেট্রো ১৫-১৭০২,ঢাকা মেট্রো-গ ১৫১৭০২,ঢাকা মেট্রো-গ ১৫-১৭০২,n,y,y,y,y,y
IMG_20220707_115911_jpg.rf.22ed339a624e34dda2129fb8812b517c.jpg,ঢাকা মেট্রো- হ ৪২-১০৫৬ 89শ^19 0014792480,ঢাকা মেট্রো-ল ৪২১০৫৬,ঢাকা মেট্রো-ল ৪২-১০৫৬,,,,,,
159-jpg_jpg.rf.714c197b9d808188f9c960979ab2bded.jpg,১,ঢাকা মেট্রো-গ ,ঢাকা মেট্রো-গ ,,,,,,
IMG_20220707_115414_jpg.rf.4f475fb0b3b1f8253e136c3524ccc864.jpg,"ঢাকা মেট্রো-গ] 4 @0৮ হৎ7412 000074,7537",ঢাকা -গ ১৯০০০৮,ঢাকা মেট্রো-গ ১৯০০০৮,,,,,,
7_jpg.rf.a9a4783548b0a3f6584b49a09a5e5908.jpg,ঢাকা মেটো-গ ৩৩-২৮৯৭,ঢাকা মেট্রো-খ ৩৩৫২৯৭,ঢাকা মেট্রো-খ ৩৩-২৮৯৭,,,,,,
IMG_20220707_115705_jpg.rf.bf823fe6c5213e9a443c932ad4d4d9ed.jpg,৩কা মেড্রো-গ ২১ @99(,ঢাকা মেট্রো-ব ২১৭৭৭৫,ঢাকা মেট্রো-ব ২১৭৭৭৫,,,,,,
12_jpg.rf.e10638d1448a0ebb8408b120129e632c.jpg,0303] 90-,ঢাকা -গ ৮৫০২৬১,ঢাকা -গ ৮৫০২৬১,,,,,,
158-jpg_jpg.rf.d44e3a9db102b64c6c42bb5adf57e4bc.jpg,গ ঢাকা মেট্রো ২৫-৮৯৪৫,ঢাকা মেট্রো-গ ২৫৮৯৪৫,ঢাকা মেট্রো-গ ২৫-৮৯৪৫,,,,,,
IMG_20220707_115405_jpg.rf.c2dc19d47e204a76321d430952349372.jpg,ঢাকা মেট্রো গ ২৫-৩৮২৭ 8হ7413' 0000864503,ঢাকা মেট্রো-গ ২৫৩৮২৭,ঢাকা মেট্রো গ ২৫-৩৮২৭,,,,,,
IMG_20220707_115723_jpg.rf.c9cdbe015002a93004670966f312b11d.jpg,ঢাকণা 88 মেঢ্রেো 5| ২১০৭১৮৬ 3/7/12 000[!277514,ঢাকা মেট্রো-গ ২১৭১৮৬,ঢাকা মেট্রো-গ ২১-৭১৮৬,,,,,,
IMG-55_jpg.rf.3b616d921f6afacbd8b0ffe1eb0763f2.jpg,মেট্রো-হ ঢাকা ৫৬-৭৫২৩,ঢাকা মেট্রো-হ ,ঢাকা মেট্রো-হ ৫৬-৭৫২৩,,,,,,
11_jpg.rf.ec6aecdbfe3ac2c8cdba01c6ee08698b.jpg,ঢাকা মেট্রেো গ ৩৫-৩১০২,ঢাকা মেট্রো-গ ৩৫৩১০২,ঢাকা মেট্রো-গ ৩৫-৩১০২,,,,,,
292255711_914599499935361_1688879455824818706_n_jpg.rf.7aa1b96c9cc4a97ec80b55a42696ae5f.jpg,ঢাকা মেট্রো-গ ২৮-৮৩৪৮,ঢাকা মেট্রো-গ ২৮৮৩৪৮,ঢাকা মেট্রো-গ ২৮-৮৩৪৮,,,,,,
291333306_338862141620109_6970226333642641286_n_jpg.rf.f15e9d05c32927b565683ab2dd340ed1.jpg,ঢাকা মেট্র' ৩৫-৬৮৫,ঢাকা মেট্রো-গ ৩৫৬৮৫৬,ঢাকা মেট্রো-গ ৩৫৬৮৫৬,,,,,,
4_jpg.rf.9c3dd365897521bbeebdf226c98b1ff7.jpg,ঢাকা মেট্রো-চ ১১-৫৫৭৮,ঢাকা মেট্রো-চ ১১৫৫৭৮,ঢাকা মেট্রো-চ ১১-৫৫৭৮,,,,,,
6_jpg.rf.2110b269232f4b5fc953a8b01313ea5f.jpg,ঢাকা মেট্রেো-গ ২১-৬০৪৫,ঢাকা মেট্রো-গ ২১৬০৪৫,ঢাকা মেট্রো-গ ২১-৬০৪৫,,,,,,
8_jpg.rf.d59449356d0787f386f2fa7d1f4c5a89.jpg,ঢাকা মেড্রা গ ২৮-৩২৮৬,ঢাকা মেট্রো-গ ২৮৩২৮৬,ঢাকা মেট্রো-গ ২৮-৩২৮৬,,,,,,
IMG_20220707_114321_jpg.rf.bd6a6975b2115069f69a759b6f1cec68.jpg,মেট্রো-ল ঢাকা ৪০ ৯৬৬,ঢাকা মেট্রো-ল ৪০৫৯৬৬,ঢাকা মেট্রো-ল ৪০৫৯৬৬,,,,,,
IMG_20220707_115108_jpg.rf.2d3e4d7d733388802cb1cdc5b24a27f6.jpg,মেট্টো-হ ৪৯-88৩9 ঢাকা,ঢাকা মেট্রো-হ ৪৯৪৪৩৭,ঢাকা মেট্রো-হ ৪৯৪৪৩৭,,,,,,
IMG_20220707_115339_jpg.rf.efdeb9cf3d90ecd702c8e485a6dad9d9.jpg,তাষা মড্রো-গ ১৭-১০৫০ !9হ : 12 এশশ0[28ন2ঙ,ঢাকা মেট্রো-গ ১৭০৫০০,ঢাকা মেট্রো-গ ১৭-১০৫০,,,,,,
IMG_20220707_114849_jpg.rf.ac2b938c652c02d87b6e3d4128cd4844.jpg,ঢাকা মেট্রো-ল 88 ৬০০৬,ঢাকা মেট্রো-ল ৪৪৬০০৬,ঢাকা মেট্রো-ল ৪৪৬০০৬,,,,,,
IMG_20220707_115317_jpg.rf.94dc83d3f6cfdee492020e87c46f3d1e.jpg,তাকা জ 8 ১৪২ 90,ঢাকা মেট্রো-গ ৪০৪০২০,ঢাকা মেট্রো-গ ৪০৪০২০,,,,,,
IMG-58_jpg.rf.1547f411e560299ae127b52a31027177.jpg,দ23 ঢাকা ঢোট্রো-স ৩৮-9১9৬,ঢাকা মেট্রো-ল ৩৮৮৭১৮,ঢাকা মেট্রো-ল ৩৮৮৭১৮,,,,,,
IMG_20220707_115558_jpg.rf.891348270fedede44577ce7b665103bd.jpg,ঢাকা মেট্রো গ| ২২ং১৭৩৩,ঢাকা মেট্রো-গ ২২১৭৩৩,ঢাকা মেট্রো গ ২২-১৭৩৩,,,,,,
IMG_20220707_115323_jpg.rf.9aa0ed5af91ef72d37608f240129caea.jpg,ঢাকা চ ভ ০২০১১২৩ মেট্রো,ঢাকা মেট্রো-ল ০০২১২৩,ঢাকা মেট্রো-ল ০২-১১২৩,,,,,,
IMG_20220707_113816_jpg.rf.bd4849802cc112e0cefab054abf8e321.jpg,ঢাকা মেট্রো-গ ২০৪৬৩৫৪ ৪হ141} 00122382'),ঢাকা মেট্রো-গ ০০৬৩৪৪,ঢাকা মেট্রো-গ ২০-৬৩৫৪,,,,,,
IMG_20220707_114331_jpg.rf.351749d524d28d0d13633ce5a0cbfc84.jpg,মেট্রো হ ঢাকা ৪৮ ৯৯২৬,ঢাকা মেট্রো-হ ৪৮৯৯২৬,ঢাকা মেট্রো হ ৪৮-৯৯২৬,,,,,,
IMG_20220707_115246_jpg.rf.2df5af3a1e8ecb451d611a742294e6fc.jpg,ঢাকা মেট্রো- হ ৬৫ -৫৯১৫ ?91^!9 013040,ঢাকা মেট্রো-হ ৬৫৫৯১৫,ঢাকা মেট্রো-হ ৬৫৫৯১৫,,,,,,
IMG_20220707_115347_jpg.rf.0db5dc60f72a137597d73f293d76da97.jpg,ঢাকা মেট্রো- হ ৪৬-৫২৮৫ 013?078 347:17,ঢাকা মেট্রো-হ ৪৬৫২৮৫,ঢাকা মেট্রো-হ ৪৬-৫২৮৫,,,,,,
IMG_20220707_115700_jpg.rf.1cd19e9c9b05a6b044095a6f8e59b4e8.jpg,ঢাকা মেট্রো-গ ১১৭৬২৪৬,ঢাকা মেট্রো-গ ১১৬২৪৬,ঢাকা মেট্রো-গ ১১-৬২৪৬,,,,,,
IMG_20220707_115946_jpg.rf.5afe9ee315e6dd756ec28c579ce31d81.jpg,ঢাকা মেট্রো-ল ৫ ১৬২২ ৪হ7420 0015654666,ঢাকা মেট্রো-ল ৬৫৩৬২২,ঢাকা মেট্রো-ল ৬৫৩৬২২,,,,,,
IMG_20220707_115917_jpg.rf.e227ed24dfa7c5aab67df6226475b447.jpg,ঢাকা মেট্রো হ ৫৭-৫৮০৭ {=7^15 001-425802',ঢাকা মেট্রো-হ ২৫৭৮০৭,ঢাকা মেট্রো হ ৫৭-৫৮০৭,,,,,,
IMG_20220707_115738_jpg.rf.553bd521754838d20951c3bb1fd1571d.jpg,ঢাকা মে !5[ ২১ 9৮9' ৃহস^12 ০০০0005438 ট ড্রা,ঢাকা মেট্রো-ক ২২৭২৭২,ঢাকা মেট্রো-ক ২২৭২৭২,,,,,,
IMG_20220707_120125_jpg.rf.b2b6cd69405152f6153cf553f7ff7491.jpg,ঢাকা মেট্রো-গ ৩৪ং৮৫৩৩,ঢাকা মেট্রো-গ ৩৪৮৫৩৩,ঢাকা মেট্রো-গ ৩৪-৮৫৩৩,,,,,,
IMG_20220707_115847_jpg.rf.fd6b1ca827d0346a878c84f43bd4bd21.jpg,ঢাকা মেট্রো- ল ৩১-৬৩৪৬ ওা7৯20 0715327395,ঢাকা মেট্রো-ল ,ঢাকা মেট্রো-ল ৩১-৬৩৪৬,,,,,,
IMG_20220707_115829_jpg.rf.93457455d4e5c69ff2295a9bd1f21d8f.jpg,ঢাকা ঢ্রো-গ ১৪-৯৬৫৭,ঢাকা মেট্রো-গ ১৪৯৬৫৭,ঢাকা মেট্রো-গ ১৪-৯৬৫৭,,,,,,
290892552_1356219878235701_7518614983457774939_n_jpg.rf.391fca191f339947cbcf202462bebf09.jpg,ঢাকা ২০-৩৫২৬ মেট্ট্রো-চ,ঢাকা মেট্রো-চ ২০৩৫২৬,ঢাকা মেট্রো-চ ২০-৩৫২৬,,,,,,
161-jpg_jpg.rf.ac5c6405ed92a709bbacd398cf7b62d2.jpg,ঢাকা মেট্রা গ ১৩-৯২৯৪,ঢাকা মেট্রো-গ ১৩৯২৯৪,ঢাকা মেট্রো-গ ১৩-৯২৯৪,,,,,,
IMG_20220707_121111_jpg.rf.4cb2b26e30229589470976fe9599dca9.jpg,ঢাকা মেট্রো হ ৫৬-৭২২৫ !25,ঢাকা মেট্রো-হ ৫৬৭২২৫,ঢাকা মেট্রো হ ৫৬-৭২২৫,,,,,,
IMG_20220707_115921_jpg.rf.c3c2945f81af39e238a37dfe9dbe6156.jpg,ঢাকা মেট্রো-ল ৫৫-৩২৪২ ওহ7 ' 21 0015858367,ঢাকা মেট্রো-ল ৫৫৪২৪২,ঢাকা মেট্রো-ল ৫৫-৩২৪২,,,,,,
IMG_20220707_115905_jpg.rf.40606895edb522d35312026419ee02e6.jpg,ঢাকা- হ ১১-২৬৪০ {হয৬19 00151 4 73 17,ঢাকা মেট্রো-ল ১১২৬৪০,ঢাকা মেট্রো-ল ১১-২৬৪০,,,,,,
160-jpg_jpg.rf.919b6946f379f02081d79a758c96a0a3.jpg,"&<_""071 ঢাকা মে্রো-গ ১ ৯৪ >৬>",ঢাকা মেট্রো-গ ১২১৪২৩,ঢাকা মেট্রো-গ ১২১৪২৩,,,,,,
IMG_20220707_115936_jpg.rf.b1c5f48b742c51c4bca9009cf73e6377.jpg,ঢাকা মেট্রো ল ২৫-৬৬০৯ ও9ত414   0012285827,ঢাকা মেট্রো-ল ২৫৩২২২,ঢাকা মেট্রো ল ২৫-৬৬০৯,,,,,,
IMG_20220707_121135_jpg.rf.93cb8bf742c5219079532df9a89ec5b8.jpg,ঢাকা_মেট্রো-ল ৪১ ৫8হ ৬৭9^৬খ 0শ]7,maimanshing মেট্রো-ল ২৪১৫৪২,ঢাকা মেট্রো-ল ২৪১৫৪২,,,,,,
291092346_1124571621773563_1183996190801784614_n_jpg.rf.6e53743faa8a831dc46054c0fcdb8baa.jpg,ঢাকা মেট্রো গ ২১-৯৬১৮,ঢাকা মেট্রো-গ ২১৯৬১৮,ঢাকা মেট্রো গ ২১-৯৬১৮,,,,,,
IMG_20220707_115851_jpg.rf.f3233e230a8a3be53961c89699d303a3.jpg,ঢাকা: হ ১১-০৯৭৪ 5য7414 00126373,ঢাকা মেট্রো-হ ৮১১৩০৪,ঢাকা মেট্রো-হ ১১-০৯৭৪,,,,,,
IMG_20220707_115953_jpg.rf.8e980b838a7d6a513531589a28717127.jpg,5} ঢাকা মেট্রো: হ ৬১-২৮০৭ ৪হ৭420 0015478169,ঢাকা মেট্রো-চ ৬১৩২৮৭,ঢাকা মেট্রো-চ ৬১-২৮০৭,,,,,,
IMG_20220707_115745_jpg.rf.3aa1421741bf543b0c533635eda2ebba.jpg,ঢাকা মেট্রো-গ ৪৩ং০৫৮৯,ঢাকা মেট্রো-গ ৪৩০৫৮৯,ঢাকা মেট্রো-গ ৪৩-০৫৮৯,,,,,,
IMG_20220707_120120_jpg.rf.b148ce929888fb684edc976e288e4b2b.jpg,ঢাকা মেট্রো -ঘ ১৭-৮২৫৭,ঢাকা মেট্রো-ঘ ১৭৮২৫৭,ঢাকা মেট্রো-ঘ ১৭-৮২৫৭,,,,,,
IMG_20220707_115713_jpg.rf.be48a2e963ecdaeb3d88b834f08e781c.jpg,ঢাকা মেট্রো-ঘ ১৭২৬৩২৩,ঢাকা মেট্রো-হ ১৭৬৩২৩,ঢাকা মেট্রো-ঘ ১৭-৬৩২৩,,,,,,
IMG_20220707_115844_jpg.rf.25c25d7d64a57b4008655c2f84ff3635.jpg,ঢ কা মেট্রো-ল ৫৭ ৭২৫৭,ঢাকা মেট্রো-ল ৫৭৭২৫৭,ঢাকা মেট্রো-ল ৫৭-৭২৫৭,,,,,,
IMG_20220707_115859_jpg.rf.7d62ec4d5fa20069b95cca6abf71c7cc.jpg,_ল ঢাকা 21/1 50 [গ|0 মেট্টো ৫০-০৭৯২,ঢাকা মেট্রো-ল ৫০০৭৯২,ঢাকা মেট্রো-ল ৫০-০৭৯২,,,,,,
IMG_20220707_115950_jpg.rf.a1d3686e9253120652665ff1ced0f6ff.jpg,"ঢাকা মেট্রো ল 39 9) ১০ :; ,{71 !",ঢাকা মেট্রো-গ ৪২৩৮১২,ঢাকা মেট্রো ল ৪২৩৮১২,,,,,,
IMG_20220707_115718_jpg.rf.db909585e97fc03788508c6e2dbedd4c.jpg,ঢাকা মেট্রো-গ ২৮২৫৫৪২,ঢাকা মেট্রো-গ ২৮৫৫৪২,ঢাকা মেট্রো-গ ২৮-৫৫৪২,,,,,,
IMG_20220707_115731_jpg.rf.b2e617e484760153fb012b709fbed1a0.jpg,ঢাকা মেট্রো- ন ২০২৩২৮২,ঢাকা মেট্রো-ন ২০৩২৮২,ঢাকা মেট্রো-ন ২০-৩২৮২,,,,,,
IMG_20220707_115932_jpg.rf.b689713cefc398b802d2214832ce982e.jpg,ঢাকা: ল ১১-০৩৩৮ 3যশ415 0012436464,ঢাকা মেট্রো-ল ১১০৩৩৮,ঢাকা মেট্রো-ল ১১-০৩৩৮,,,,,,
IMG_20220707_115940_jpg.rf.30464ddd0825c7ba87d86fe76ace1506.jpg,ঢাকা মেট্রো হঁ ৪৮২০০৯,ঢাকা মেট্রো-হ ৪৮২০০৯,ঢাকা মেট্রো হ ৪৮২০০৯,,,,,,
IMG_20220707_115301_jpg.rf.c2d6faf6b69b2b8592e549b30f0e1feb.jpg,ঢাকা মেট্রো- হৃ ; ৬8-৭৫9৬ ঢ/ৎদ419 00150655ব|,ঢাকা -গ ৬৪৭৫৭৬,ঢাকা -গ ৬৪৭৫৭৬,,,,,,
IMG_20220707_120115_jpg.rf.11abafe7988d1dc9299af2e6f8963f6c.jpg,ঢাকা মেট্রো-গ ২২০৯১৩১,ঢাকা মেট্রো-গ ২২৯১৩১,ঢাকা মেট্রো-গ ২২-৯১৩১,,,,,,
IMG_20220707_115854_jpg.rf.358dbd1531f8907690349a2ce80a3add.jpg,২ঢ্রা: হ ৩৪ 0২৩৫ 891419 {7130,maimanshing মেট্রো-গ ২০৪০৩৫,maimanshing মেট্রো-গ ২০৪০৩৫,,,,,,
IMG_20220707_114102_jpg.rf.c12f5f23c7793160afa57010dd5757df.jpg,মেট্রো-হ ঢাকা ৪৯-8899,ঢাকা মেট্রো-হ ৪৯৪৪৩৭,ঢাকা মেট্রো-হ ৪৯৪৪৩৭,,,,,,
IMG_20220707_115647_jpg.rf.98de839db8fb71989c463793a24aa5a4.jpg,ঢাকা মেট্রো চ ১৫-১০২০,ঢাকা মেট্রো-চ ১৫১০২০,ঢাকা মেট্রো চ ১৫-১০২০,,,,,,
IMG-2_jpg.rf.ccf2912f5bcb44c6308a4ae61691afc0.jpg,ঢাকা মেট্রো- গ ১৫-৪১৪৫,ঢাকা মেট্রো-গ ১৫৪১৪৫,ঢাকা মেট্রো-গ ১৫-৪১৪৫,,,,,,
IMG-3_jpg.rf.efc66763fb5b5faee8e08885b024cf27.jpg,ঢাকা মট্রো: চ ১৫-৯৭০৯,ঢাকা মেট্রো-চ ১৫৯৭০৯,ঢাকা মেট্রো-চ ১৫-৯৭০৯,,,,,,
IMG-4_jpg.rf.3f91bc65530422fb5a3a578377e3cd3f.jpg,তাক মে 5[ 9৩:90 ~ট্রো,ঢাকা মেট্রো-গ ৩০০৭৩২,ঢাকা মেট্রো-গ ৩০০৭৩২,,,,,,
IMG-5_jpg.rf.76c4ed37100adbe40a462211834db562.jpg,ঢাকা মেট্রো-গ ১৩-৭১২০ 1412003018|,ঢাকা মেট্রো-গ ১৩৭১২০,ঢাকা মেট্রো-গ ১৩-৭১২০,,,,,,
IMG-6_jpg.rf.6453d325907c9e4064d61a15421c26f5.jpg,ঢাকা মেট্রো গ ৩৫-৩৭৬৯,ঢাকা মেট্রো-গ ৩৫৩৭৬৯,ঢাকা মেট্রো গ ৩৫-৩৭৬৯,,,,,,
IMG-7_jpg.rf.1e1a848f3e5a75b73f024f6ed913053d.jpg,ঢাকা মেট্রো: 9| ২৯০৮ গ,ঢাকা মেট্রো-গ ১৭২৯০৮,ঢাকা মেট্রো-গ ১৭২৯০৮,,,,,,
IMG-8_jpg.rf.ea01f76cb970b8db2e36f52b07294492.jpg,গ মেট্রো ঢাকা ৪২-৬০৩৮,ঢাকা মেট্রো-গ ৪২৬০৩৮,ঢাকা মেট্রো ঢ ৪২-৬০৩৮,,,,,,
IMG-9_jpg.rf.0136bb1af7e28e609035fe5bd38ebf31.jpg,ঢাকা মেট্রো গ ১৩-১৫৫৫,ঢাকা মেট্রো-ল ১৩১৫৫৫,ঢাকা মেট্রো গ ১৩-১৫৫৫,,,,,,
IMG-29_jpg.rf.fde604ab362d988efef007bcc77dde53.jpg,১! % ৫ 9| ১ ৪২৮৩ 0 _,maimanshing মেট্রো-ক ৩১২২২৩,maimanshing মেট্রো-ক ৩১২২২৩,,,,,,
IMG-30_jpg.rf.e5ba781da86e0d7a3ea07a5798e699c7.jpg,ঢাকা মেট্রো-চ ৫৬- ৫৭৮,ঢাকা মেট্রো-চ ৫৫৩৭৮০,ঢাকা মেট্রো-চ ৫৫৩৭৮০,,,,,,
165-jpg_jpg.rf.b42dc5fabf10d94a699827f36ed536fa.jpg,ঢাকা মেো ব ১৫:৭808,ঢাকা মেট্রো-ল ২২৫০৭২,ঢাকা মেট্রো-ল ২২৫০৭২,,,,,,
156-jpg_jpg.rf.e46319e9f7fe149d7f229d72f5c610c1.jpg,ঢাকা মট্রো চ ১৬-০৮১৮,ঢাকা মেট্রো-চ ১৬০৮১৮,ঢাকা মেট্রো-চ ১৬-০৮১৮,,,,,,
154-jpg_jpg.rf.01b574f8ad0e704cd0af0f818b034d0a.jpg,"ঢা41 ""9' ২৭-৯২৬৪",ঢাকা মেট্রো-গ ২৭৯২৬৪,ঢাকা মেট্রো-গ ২৭-৯২৬৪,,,,,,
IMG-48_jpg.rf.20412f6b406e6c9624fa1d6ff6161d8a.jpg,মেট্রো- হ ৬৫-১৭08 ৫ ঢাকা 0015526208 420 89শ,ঢাকা মেট্রো-হ ৬৫৯৭০৪,ঢাকা মেট্রো-হ ৬৫৯৭০৪,,,,,,
IMG-40_jpg.rf.954e1d8c825c564060a234a6d833aa59.jpg,ঢাকা মঢ্ো 9| ২৭-৪১৪২,ঢাকা -ঢ ২৭৪১৪২,ঢাকা -ঢ ২৭-৪১৪২,,,,,,
IMG-44_jpg.rf.b48c893e472a2055f54737dda120c41c.jpg,ঢাকা মেট্রো-চ ১৯২৮২২১ 014997,ঢাকা মেট্রো-চ ১৯০২২১,ঢাকা মেট্রো-চ ১৯-৮২২১,,,,,,
IMG-47_jpg.rf.f01fdaa306006c4242f867a475129c15.jpg,ঢাকা মেঢ্রো-হ ১০-১88৭,ঢাকা মেট্রো-হ ২১২৪৪৭,ঢাকা মেট্রো-হ ২১২৪৪৭,,,,,,
IMG-46_jpg.rf.336ce8af9af5395f3f115960dde79dfd.jpg,মেট্রো চ ঢাকা ৫৪-১৪২০,ঢাকা মেট্রো-চ ৫৪১৪২০,ঢাকা মেট্রো চ ৫৪-১৪২০,,,,,,
72_jpg.rf.f8cad613cacf1425608a03bfec6ab468.jpg,ঢাকা মেট্রো-গ ৪৩-৩৯০৩,ঢাকা মেট্রো-গ ৪৩৩৯০৩,ঢাকা মেট্রো-গ ৪৩-৩৯০৩,,,,,,
73_jpg.rf.2197baf6bb1d7b6857c4fadce12a75a0.jpg,ঢাকা মেট্রো-গ ৪৩-৩৯০৩,ঢাকা মেট্রো-গ ৪৩৩৯০৩,ঢাকা মেট্রো-গ ৪৩-৩৯০৩,,,,,,
82_jpg.rf.0c77611ffb197e68e334a346670743e9.jpg,ঢাকা মেট্রো-ব ১৫-৮৪২৪,ঢাকা মেট্রো-ব ১৫৮৪২৪,ঢাকা মেট্রো-ব ১৫-৮৪২৪,,,,,,
89_jpg.rf.45d7c665a756feff0899532da82a2806.jpg,ঢাকা মেট্রো- ব ১১-৫৫ ০১,ঢাকা মেট্রো-ব ১১৫৫০১,ঢাকা মেট্রো-ব ১১৫৫০১,,,,,,
88_jpg.rf.49fd3c5d661e93d3065e2d6dc5515952.jpg,ঢাকা মেট্রো-গ ৩৯৭৫০০৩,ঢাকা মেট্রো-গ ৩৯৫০০৩,ঢাকা মেট্রো-গ ৩৯-৫০০৩,,,,,,
83_jpg.rf.dd68a3f85b9f9cce400663ab280e2d2a.jpg,মেট্রো-ব ঢাকা ১৫-৮৪২৪,ঢাকা মেট্রো-ব ১৫৮৪২৪,ঢাকা মেট্রো-ব ১৫-৮৪২৪,,,,,,
96_jpg.rf.bfdb2bb4734e0e852cfea2d47136534c.jpg,ঢাকা মেট্রো- ১৬-১৫৫০,ঢাকা মেট্রো-ন ৬১৫৫৫০,ঢাকা মেট্রো-ন ১৬-১৫৫০,,,,,,
IMG-15_jpg.rf.f9732b8bd1baadd45e46eb7a753e0482.jpg,ট্রী গা ঢাকা ২৬ ৩0৬১,ঢাকা মেট্রো-ল ২৬০০৬১,ঢাকা মেট্রো-ল ২৬০০৬১,,,,,,
IMG-12_jpg.rf.59aeba1649ee30f3afe0fcf6ac7143f5.jpg,ঢাকা মট্রো-গ ৩৩-৮৮৮৫ 831412 00001 76577,ঢাকা মেট্রো-গ ৩৩৮৮৮৫,ঢাকা মেট্রো-গ ৩৩-৮৮৮৫,,,,,,
97_jpg.rf.196f2fff26bbf2cb00208f2bb6887bd6.jpg,ঢাকা মেট্রো-ট ২২-৬৯৭8,ঢাকা মেট্রো-ট ২২৬৯৭৪,ঢাকা মেট্রো-ট ২২৬৯৭৪,,,,,,
IMG-10_jpg.rf.ac0be282e56c43adee98e523f185b84b.jpg,ঢাকা যে ঢ্রো জ ২৯-৮৪৭৮ {{]413 0010821902,ঢাকা -গ ২৯৮৪৭৮,ঢাকা -গ ২৯-৮৪৭৮,,,,,,
IMG-20_jpg.rf.580e627d250009ae0186c72c40c0097b.jpg,তাা @েঢ্রো 99-@@8$ ওং141$ 001200931  গ|,maimanshing -গ ০৭৯৯০২,maimanshing -গ ০৭৯৯০২,,,,,,
85_jpg.rf.18d03d7f168b85e088d8e790fa015d25.jpg,[_|] মোড্ 7 ঢ[ক{ ১ ৫ - 3886,ঢাকা মেট্রো-ব ,ঢাকা মেট্রো-ব ,,,,,,
75_jpg.rf.36f62b9f15883998c93d5c0e861b0314.jpg,ঢাকা মেট্রো  গ ১৯-৬১১৮,ঢাকা মেট্রো-গ ১৯৬১১৮,ঢাকা মেট্রো গ ১৯-৬১১৮,,,,,,
95_jpg.rf.8506d476d5f7aed778764d73d2beabac.jpg,ঢাকা মেট্রো-গ ২৮-৮০88,ঢাকা মেট্রো-গ ৮৮০০০৪,ঢাকা মেট্রো-গ ৮৮০০০৪,,,,,,
74_jpg.rf.ab8ebbca4d71592282e69b57aacd1bc7.jpg,নেেট্র] গ ঢ79] ৩৩-২৮৯৭,ঢাকা মেট্রো-ন ৩৩২৮৯৭,ঢাকা মেট্রো-ন ৩৩-২৮৯৭,,,,,,
99_jpg.rf.33693cde549c65cda9914442ccc99c45.jpg,ঢাকা মেট্রোগ ২৭-১৯৫০,ঢাকা মেট্রো-গ ৭১৯৫০০,ঢাকা মেট্রো-গ ২৭-১৯৫০,,,,,,
IMG-1_jpg.rf.27c174814fb142d93555beda33e900ee.jpg,ঢাকা মেট্রো চ ১৫-৯৭০৯,ঢাকা মেট্রো-চ ১৫৯৭০৯,ঢাকা মেট্রো চ ১৫-৯৭০৯,,,,,,
79_jpg.rf.461bcebb58d3f5e20002de3f7b1b126a.jpg,ঢাকা মেট্রো-গ ২৩-২০৪৬,ঢাকা মেট্রো-গ ২২০০৪৬,ঢাকা মেট্রো-গ ২৩-২০৪৬,,,,,,
86_jpg.rf.d46d0046069e4aa377ea1128870c2c69.jpg,ঢাকা মেট্রো-ব ১৫-৭০১১ নারায়ণগণ্ড বাস ডিপো এন্ড টেরেনিং সে্টার,ঢাকা মেট্রো-ব ১৫৭০২১,ঢাকা মেট্রো-ব ১৫-৭০১১,,,,,,
98_jpg.rf.84b10821dc53cf785b1dd87171f4f3dd.jpg,গ[ মেট্রো ঢাকা ২৭-১৯৫০,ঢাকা মেট্রো-গ ২০১৯৫০,ঢাকা মেট্রো ঢ ২৭-১৯৫০,,,,,,
87_jpg.rf.b44ee3e30e358f79036f6b081dbf7963.jpg,ঢাকা মেট্রো-গ ৩৯-৫০০৩,ঢাকা মেট্রো-ল ৩৯৫০০৩,ঢাকা মেট্রো-গ ৩৯-৫০০৩,,,,,,
IMG-17_jpg.rf.11c7166b447571063b207aca148a74fd.jpg,2 5) ১9_ ও87412_0000196086 @ [5||,ঢাকা মেট্রো-ল ২৬২২৩৩,ঢাকা মেট্রো-ল ২৬২২৩৩,,,,,,
80_jpg.rf.e779c52a4f47da7417f904298216e221.jpg,ঢাকা মেট্রো: গ ২৩-২০৪৬,ঢাকা মেট্রো-গ ২৩২০৪৬,ঢাকা মেট্রো-গ ২৩-২০৪৬,,,,,,
IMG-11_jpg.rf.0bdac615bbf931d07d160ad91a9d0932.jpg,গ মেট্রো ঢাকা ২১-২৬৫৪,ঢাকা মেট্রো-গ ২১২৬৫৪,ঢাকা মেট্রো ঢ ২১-২৬৫৪,,,,,,
1_jpg.rf.56e65ea975b5e7fc5f1729440b750831.jpg,ঢাকা মেট্রো গ ১৩-৭১৯৩,ঢাকা মেট্রো-গ ১৩৭১৯৩,ঢাকা মেট্রো গ ১৩-৭১৯৩,,,,,,
IMG-26_jpg.rf.1fb09c641eca258e32e9f7085a31a128.jpg,"ঢাকা মেট্রো-চ @) চব"" ২৪৫৫",ঢাকা মেট্রো-চ ২৯৯২৪৫,ঢাকা মেট্রো-চ ২৯৯২৪৫,,,,,,
IMG-27_jpg.rf.5bb5fab4d846ffd84259b5897ef8fa6e.jpg,মেট্রো- ৮ ঢাকা ১৯২৮৭৬৮,ঢাকা মেট্রো-চ ১৯৮৭৬৮,ঢাকা মেট্রো-চ ১৯-৮৭৬৮,,,,,,
23_jpg.rf.245a03f06110edf05a7a7f99efdb3d39.jpg,ঢাকা মেেট্রোব ১৫-৫ ০৬8,ঢাকা মেট্রো-ব ১৫৫০৬৪,ঢাকা মেট্রো-ব ১৫৫০৬৪,,,,,,
24_jpg.rf.5c118289e35abdd55fd5c46544069595.jpg,ঢাকা মেট্রো-ঘঁ ২১-১৫৮১ $ঞ২শশহচ=,ঢাকা মেট্রো-ঘ ২১১৫৮১,ঢাকা মেট্রো-ঘ ২১-১৫৮১,,,,,,
46_jpg.rf.0485a85d2991ed16dde8314154eae797.jpg,ঢাকা মেট্টরো- ন ১৫-৭৩০১,ঢাকা মেট্রো-ন ১৫৭৩০১,ঢাকা মেট্রো-ন ১৫-৭৩০১,,,,,,
43_jpg.rf.cfea3824c5fb40de11a72c696209d6c0.jpg,ঢাকা মেট্রো-ব ১৫-৮২০৮,ঢাকা মেট্রো-ব ৩১৫২০৮,ঢাকা মেট্রো-ব ১৫-৮২০৮,,,,,,
30_jpg.rf.a154c2071daf42b6ebc64a9c2352c774.jpg,ঢাকা মট্রো গ ২৭-৩৩৩২,ঢাকা মেট্রো-গ ২৭৩৩৩২,ঢাকা মেট্রো-গ ২৭-৩৩৩২,,,,,,
34_jpg.rf.ff33760484cbe929a138661b66dd38ad.jpg,ঢাকা মেট্রো ন ২০-৬২০৭, মেট্রো-ন ২০৬২০৭,ঢাকা মেট্রো ন ২০-৬২০৭,,,,,,
37_jpg.rf.a71ed7c8a8a715f4d83929e5ea201961.jpg,ঢাকা মেট্রো গ ১৭-৪0৩৫,ঢাকা মেট্রো-ঢ ১৭৪০৩৫,ঢাকা মেট্রো গ ১৭৪০৩৫,,,,,,
38_jpg.rf.822b3062851a137e41be92da4249d31d.jpg,ঢাকা মেট্রো-ল 89-৮৯৫৮,ঢাকা মেট্রো-ল ৪৭৮৯৫৮,ঢাকা মেট্রো-ল ৪৭৮৯৫৮,,,,,,
36_jpg.rf.42a1a98ca317f95cc9c08df0c62aa90b.jpg,ঢাকা মেট্রো-ব ১৪-৪৪৩৯,ঢাকা মেট্রো-ব ১৪৪৪৩৯,ঢাকা মেট্রো-ব ১৪-৪৪৩৯,,,,,,
31_jpg.rf.9aad2ea05ed7c975678db7a9e8784225.jpg,ঢাকা মেট্রো গ ২৭-৩৩৩২,ঢাকা মেট্রো-গ ২৭৩৩৩২,ঢাকা মেট্রো গ ২৭-৩৩৩২,,,,,,
32_jpg.rf.b7a9ee1202bb440c3a6694a2b49a9188.jpg,মেট্রো-খ ঢাকা ১৩-০৭২৭,ঢাকা মেট্রো-খ ১৩০৭২৭,ঢাকা মেট্রো-খ ১৩-০৭২৭,,,,,,
48_jpg.rf.078c3ab2b326249a077c96b165a08be4.jpg,ঢাকা মেেট্রো-ঠ ১১-৭৯৯৬,ঢাকা মেট্রো-চ ১৬৭৯৯৬,ঢাকা মেট্রো-চ ১১-৭৯৯৬,,,,,,
60_jpg.rf.d926b52fbe7bb728629f271359e604bb.jpg,মেট্রো- ল ঢাকা ২৬-৭ত৮৮,ঢাকা মেট্রো-ল ৬৭৩৮০৮,ঢাকা মেট্রো-ল ৬৭৩৮০৮,,,,,,
57_jpg.rf.f35c8571376f1f7ac4ea21edb37f9b7a.jpg,ঢাকা মেট্রো;ন ১৬-৯২২৭,ঢাকা মেট্রো-ঢ ১৬৯২২৭,ঢাকা মেট্রো-ঢ ১৬-৯২২৭,,,,,,
55_jpg.rf.9721bc1c0277e1d2a5e6923a006e8990.jpg,ঢাকা মেট্রো-ঠ ১৩-৬৬৩৪,ঢাকা মেট্রো-ঠ ১৩৬৬৩৪,ঢাকা মেট্রো-ঠ ১৩-৬৬৩৪,,,,,,
56_jpg.rf.d0ea8a7dbdca2a74678310bfaac0260e.jpg,ঢাকা মেট্রো ব ১৪-৫২৮৮, মেট্রো-ব ২২৮৭৮২,ঢাকা মেট্রো-ব ১৪-৫২৮৮,,,,,,
50_jpg.rf.fa6fe9a39901034163449ff1ac0b9fd5.jpg,ল ঢাকা মেট্রো ১৮ -৮ ৯৪৯, মেট্রো-গ ৮৮৯৪৯৫,ঢাকা মেট্রো-গ ৮৮৯৪৯৫,,,,,,
148-jpg_jpg.rf.27e3cf1347725a1d3944036570835ae4.jpg,ঢাকা মেট্রো হ 43 ৬১-০৯৮২ 61,ঢাকা মেট্রো-হ ৬১০৯৮২,ঢাকা মেট্রো হ ৬১-০৯৮২,,,,,,
113-jpg_jpg.rf.88345cedcfebc262eb103612194bb55b.jpg,ঢাকা মেট্রো-ন ২০-৮২৯৬,ঢাকা মেট্রো-ন ২০৮২৯৬,ঢাকা মেট্রো-ন ২০-৮২৯৬,,,,,,
15_jpg.rf.e3594fd628c2c36d9b03c4ecd434cf31.jpg,ঢাকা মেট্রোব ১১৪-৫৯৩ ৩,ঢাকা মেট্রো-ব ০৯৫৯৬৩,ঢাকা মেট্রো-ব ০৯৫৯৬৩,,,,,,
118-jpg_jpg.rf.5ecbc304e270bc20061244c4ac306c1b.jpg,ঢাকা মেট্রো খ ১৪-০৭২২,ঢাকা মেট্রো-খ ১৪০৭২২,ঢাকা মেট্রো খ ১৪-০৭২২,,,,,,
130-jpg_jpg.rf.b173e5926682707070f00d15fd491e95.jpg,ঢাকা মেট্রা গ ১৫-৮৩৮১,ঢাকা মেট্রো-গ ১৫৮৩৮১,ঢাকা মেট্রো-গ ১৫-৮৩৮১,,,,,,
117-jpg_jpg.rf.9a43f7210c535ffdd3c6e54b91752ee1.jpg,মেট্রো-গ ঢাকা ২৮-১৮৪৬,ঢাকা মেট্রো-গ ২৮১৮৪৬,ঢাকা মেট্রো-গ ২৮-১৮৪৬,,,,,,
143-jpg_jpg.rf.6f84be7ec2f2f0bd18387690aedc87db.jpg,ল @ 7 মেট্রো ঢাকা ৩৭২ ৩৯,ঢাকা মেট্রো-ল ৩৯৩৭২৯,ঢাকা মেট্রো ঢ ৩৯৩৭২৯,,,,,,
145-jpg_jpg.rf.47add427cc0a6cd4e1b30867303a9f66.jpg,"4 ঢাকা মেট্রো-ল 9)"" 8 8৬80",ঢাকা মেট্রো-ল ৩৪৪৬৪০,ঢাকা মেট্রো-ল ৩৪৪৬৪০,,,,,,
132-jpg_jpg.rf.769f21ac73485da771362c7fa64b1ffb.jpg,ঢ!2:39 ১৯-০৬৪১,ঢাকা মেট্রো-গ ১৯৯০৩৪,ঢাকা মেট্রো-গ ১৯-০৬৪১,,,,,,
146-jpg_jpg.rf.9314f42222684fff7abc07fc88dbeb34.jpg,ঢাকা মেট্রোগ ৩১-০৯৯৫,ঢাকা মেট্রো-গ ৩০০৯৯৫,ঢাকা মেট্রো-গ ৩১-০৯৯৫,,,,,,
149-jpg_jpg.rf.22a9c2b08b8fff7da45b7d5c7d3bf13d.jpg,ঢাকা মেট্রো-গ ৪৫-০৩০১,ঢাকা মেট্রো-গ ৪৫০৩০১,ঢাকা মেট্রো-গ ৪৫-০৩০১,,,,,,
125-jpg_jpg.rf.544cfc107ba8b407e657da590d0365f4.jpg,মেট্রো- গ ১১৭৪২৫৬ ঢাকা,ঢাকা মেট্রো-গ ১১৪২৫৬,ঢাকা মেট্রো-গ ১১-৪২৫৬,,,,,,
141-jpg_jpg.rf.fb4fc5d8dae50e6936bee7592fc5abe9.jpg,মেট্রো ল ৫ ১ ৬৯ ঢাকা ৩ 0,ঢাকা মেট্রো-ল ৫১৬৯৩৮,ঢাকা মেট্রো ল ৫১৬৯৩৮,,,,,,
152-jpg_jpg.rf.104a821cf0ca87216a4295da0bf6c548.jpg,মেট্রো-ল ৫৫ 87 & 99! ঢাকা ০১ ৮ ১0<,ঢাকা মেট্রো-ল ২০৫৫৯৮,ঢাকা মেট্রো-ল ২০৫৫৯৮,,,,,,
119-jpg_jpg.rf.d6fe3534afb0720fc2dda0c010780926.jpg,ঢাকা মেট্রো-গ ৩৩-9৬১৯,ঢাকা মেট্রো-গ ৩৩৩৩১৯,ঢাকা মেট্রো-গ ৩৩৩৩১৯,,,,,,
147-jpg_jpg.rf.a0b1f15464d427fb7495f5bcbc0ceebf.jpg,মেট্রো-ল ৩৭ 'ঢাকা 9880,ঢাকা মেট্রো-ল ৩৭৭৪৪৮,ঢাকা মেট্রো-ল ৩৭৭৪৪৮,,,,,,
144-jpg_jpg.rf.29cb81f679caeac22004e3dec8162df3.jpg,0] ল 0 ৬১ 4240 91 মেদরো ঢাকা ৫0 ১,খুলনা মেট্রো-ল ৫১৬১৫৮,ঢাকা মেট্রো-ল ৫১৬১৫৮,,,,,,
163-jpg_jpg.rf.92565cbdd44a21489305e125607b7245.jpg,ঢাকা মেঢ্রো ঘ ১৪-০৬৭৬,ঢাকা মেট্রো-ঘ ১৪০৬৭৬,ঢাকা মেট্রো-ঘ ১৪-০৬৭৬,,,,,,
105-jpg_jpg.rf.041ad032549479b3b43dc6a29a1c9552.jpg,ঢাকা মেট্রো ব-১৫-২২৮৭,ঢাকা মেট্রো-ল ৮১৫২২২,ঢাকা মেট্রো-ল ৮১৫২২২,,,,,,
106-jpg_jpg.rf.735bc31ef7777f716d317e1336c63a55.jpg,ঢাকমা েট্রেো ১৫ ২৭২ 4,ঢাকা মেট্রো-হ ৫২০০২২,ঢাকা মেট্রো-হ ৫২০০২২,,,,,,
164-jpg_jpg.rf.5ae3c3f34817000050ce4a3f30705411.jpg,9| ঢাচা ৫) ৯৫ 9 ম9) ১,ঢাকা মেট্রো-গ ১১৯৫১৭,ঢাকা মেট্রো-গ ১১৯৫১৭,,,,,,
102_jpg.rf.b2c53a0aa0fc3dc85fc6d671ee250070.jpg,ঢাকা নেদ্রো গ ২৬-৩৯২৫,ঢাকা মেট্রো-গ ২৬৩৯২৫,ঢাকা মেট্রো-গ ২৬-৩৯২৫,,,,,,
104-jpg_jpg.rf.e547a3f6c3c3e11e96a907567cca4279.jpg,ঢাক' মেতা ২১-৫৭৫৪,ঢাকা মেট্রো-গ ২১৫৭৫৪,ঢাকা মেট্রো-গ ২১-৫৭৫৪,,,,,,
157-jpg_jpg.rf.6e1d9a5795c40531023338b8bc5c5c3a.jpg,গি ঢাকা ম-্ড্রা ২১-২৮৮৫,ঢাকা মেট্রো-ল ২১২৮৮৫,ঢাকা মেট্রো-ল ২১-২৮৮৫,,,,,,
290878328_1080320352870378_1940263996083502457_n_jpg.rf.84fee20f9888da6baac540f09ce8614a.jpg,ঢাকা মেট্রো গ ২৫ 8988,ঢাকা মেট্রো-গ ২৫৪৭৪৪,ঢাকা মেট্রো গ ২৫৪৭৪৪,,,,,,
IMG_20220707_115328_jpg.rf.0666c0b1880343b3e6910e4327046762.jpg,4 ঢাকা ৬@ 8হড়412 _ 0000360205 9ীী' ৬,ঢাকা মেট্রো-গ ৩২৬৮৭৪,ঢাকা মেট্রো-গ ৩২৬৮৭৪,,,,,,
2573.jpg,41] ১২-৮৬৯,ঢাকা -চ ১২৮৮৬৯,ঢাকা -চ ১২৮৮৬৯,,,,,,
2521.jpg,ত ১৩-১৪০১ কুড়িগ্রাম-,ঢাকা মেট্রো-হ ১৩১৪০১,কুষ্টিয়া মেট্রো-হ ১৩-১৪০১,,,,,,
2574.jpg,চট্ট 5[ ১ ৭২৮৮ মেট্রো ১,চট্ট মেট্রো-গ ১১৭২৮৮,চট্ট মেট্রো-গ ১১৭২৮৮,,,,,,
2568.jpg,ঢাকা মেটো হ [;[[|[& 8131|][[} ৫৫-88১১,ঢাকা মেট্রো-হ ৫৫৫৪৪১,ঢাকা মেট্রো-হ ৫৫৫৪৪১,,,,,,
2587.jpg,১৪-৩১80,ঢাকা মেট্রো-ল ১৪৩১৪০,ঢাকা মেট্রো-ল ১৪৩১৪০,,,,,,
135.jpg,নারায়ণগঞ্জ ছ ১১-০২৪৮,ঢাকা -হ ১১০২৪৮,নারায়ণগঞ্জ -হ ১১-০২৪৮,,,,,,
105.jpg,১১-৫১১১,খুলনা মেট্রো-ল ৯১১৮১১,খুলনা মেট্রো-ল ১১-৫১১১,,,,,,
75.jpg,খুলনা মেট্রো- হ ১৩-৫৮৩৯,খুলনা মেট্রো-হ ১৩৫৮৩৯,খুলনা মেট্রো-হ ১৩-৫৮৩৯,,,,,,
82.jpg,খুলনা মেট্রো- চ ১১-০১৭৪,খুলনা মেট্রো-চ ১১০০৭৪,খুলনা মেট্রো-চ ১১-০১৭৪,,,,,,
69.jpg,১১-০৬৫২,ঢাকা -গ ১০৬৫৫২,ঢাকা -গ ১১-০৬৫২,,,,,,
78.jpg,ট্্রো ল 0৮৭ খুলনা:,খুলনা মেট্রো-ল ২২৬০৮৭,খুলনা মেট্রো-ল ২২৬০৮৭,,,,,,
65.jpg,হ যশোর- ১৬-৪২৫২,ঢাকা মেট্রো-হ ,যশোর মেট্রো-হ ১৬-৪২৫২,,,,,,
83.jpg,১৭-৪০১৫,ঢাকা মেট্রো-গ ১৭৪০৫৩,ঢাকা মেট্রো-গ ১৭-৪০১৫,,,,,,
79.jpg,১১৭ খুলনা মেট্রো: ল ৫0,খুলনা মেট্রো-ল ২১১৫০৫,খুলনা মেট্রো-ল ২১১৫০৫,,,,,,
72.jpg,মেড্ে ' খুলনা ৫১৪০২১,খুলনা মেট্রো-ল ৫১০০২৬,খুলনা মেট্রো-ল ৫১০০২৬,,,,,,
76.jpg,চট্ট মেট্রো-গ ১৩-২১০৭,চট্ট মেট্রো-গ ১৩২১০৭,চট্ট মেট্রো-গ ১৩-২১০৭,,,,,,
70.jpg,খুলনা মেট্রো-ন ১১০১৭৩০,খুলনা মেট্রো-ন ১১১৭৩০,খুলনা মেট্রো-ন ১১-১৭৩০,,,,,,
59.jpg,ঢাকা মো_ট্টো ন ১৩, মেট্রো-ন ১৩৯০৩২,ঢাকা মেট্রো-ন ১৩৯০৩২,,,,,,
77.jpg,খুলনা মেট্রো ন ১১-০৮৩০,ঢাকা মেট্রো-ন ১১০৮৩০,খুলনা মেট্রো ন ১১-০৮৩০,,,,,,
84.jpg,ঢাকা মেেট্রা গ ১৩-২৫২০,ঢাকা মেট্রো-গ ১৩২৫২০,ঢাকা মেট্রো-গ ১৩-২৫২০,,,,,,
86.jpg,ঢাকা মেট্রো: ১২-০০৮,ঢাকা মেট্রো-গ ১২০০০৮,ঢাকা মেট্রো-গ ১২০০০৮,,,,,,
85.jpg,খুলনা মেট্রো ত ১২-৬০৫৯,খুলনা মেট্রো-হ ১২৬০৫৯,খুলনা মেট্রো-হ ১২-৬০৫৯,,,,,,
car-3289_1667_1_jpg.rf.55f32eab8e13df2caf3acbf2d4f0e51d.jpg,ঢাকা মেট্রো গ ২৮৪9৬১,ঢাকা মেট্রো-গ ২৮০৪৩৬,ঢাকা মেট্রো গ ২৮০৪৩৬,,,,,,
IMG_20190413_121849.jpg,খুলনা-জ ০৫-00১৯,খুলনা -ল ০৫০০১৯,খুলনা -ল ০৫০০১৯,,,,,,
IMG_20190413_122335.jpg,ঢাকা মেট্রো ব-১৪-৮৮৮২,ঢাকা মেট্রো-ব ১৪০৮৮২,ঢাকা মেট্রো-ব ১৪০৮৮২,,,,,,
IMG_20190413_123737.jpg,খুলনেদ্রো ব ০০৯৩,ঢাকা মেট্রো-ব ২৯২৬৬৯,খুলনা মেট্রো-ব ২৯২৬৬৯,,,,,,
IMG_20190413_123615.jpg,ঢীক মেট্রো-ব ১৪-৫৫9৮, মেট্রো-ল ৫৫২৭৮৮, মেট্রো-ব ৫৫২৭৮৮,,,,,,
IMG_20190413_123618.jpg,"খুলনা মেট্রো ব 0,0৭9",maimanshing মেট্রো-ল ২২৯২৯৭,খুলনা মেট্রো-ল ২২৯২৯৭,,,,,,
IMG_20190413_123942.jpg,যশোর-ব ১১-০০৩৬,ঢাকা মেট্রো-ব ১১০০৩৬,যশোর মেট্রো-ব ১১-০০৩৬,,,,,,
IMG_20190413_123920.jpg,যশোর-ব ১১-০০৩৬,ঢাকা মেট্রো-ব ১১০০৩৬,যশোর মেট্রো-ব ১১-০০৩৬,,,,,,
IMG_20190413_123604.jpg,খুলনা মেট্রো-ব গ_` 009,খুলনা মেট্রো-ল ৯২০৭০৩,খুলনা মেট্রো-ব ৯২০৭০৩,,,,,,
IMG_20190413_123929.jpg,যশোর-ব ১১-০০৩৬,ঢাকা মেট্রো-ব ১১০০৩৬,যশোর মেট্রো-ব ১১-০০৩৬,,,,,,
IMG_20190413_124008.jpg,খুলনা মেট্রো-ব ১১-০০৬৭,খুলনা মেট্রো-ব ১১০০৬৭,খুলনা মেট্রো-ব ১১-০০৬৭,,,,,,
IMG_20190413_124015.jpg,খুলনা মেট্রো-ব ১১-০০৬৭,খুলনা মেট্রো-ব ১১০০৬৭,খুলনা মেট্রো-ব ১১-০০৬৭,,,,,,
IMG_20190413_125033.jpg,ঝিনাইদাহ-ব ০২-000৯,ঢাকা মেট্রো-ব ০২২০৫৯,ঝিনাইদহ মেট্রো-ব ০২২০৫৯,,,,,,
IMG_20190413_124447 (2).jpg,"খলল"" মেটরা-ব ১১-০0৯৬",খুলনা মেট্রো-ব ১০০০৯৬,খুলনা মেট্রো-ব ১০০০৯৬,,,,,,
IMG_20190413_124530.jpg,ঢাকা মেট্োব ১৫৪৪১০৯,ঢাকা মেট্রো-ব ২১৫১০৯,ঢাকা মেট্রো-ব ১৫-৪১০৯,,,,,,
IMG_20190413_130145.jpg,ঢাকা মেট্রো-জ 08-0৫৫৩,ঢাকা মেট্রো-ল ০৪০৫৫৩,ঢাকা মেট্রো-জ ০৪০৫৫৩,,,,,,
IMG_20190413_130156.jpg,ঢাকা মেট্রো-জ ১১-১৮৬৩,ঢাকা মেট্রো-ল ১১১৮৬৩,ঢাকা মেট্রো-জ ১১-১৮৬৩,,,,,,
IMG_20190413_130137.jpg,ঢাকা মেট্রো জ ১১ ১৮৬৩,ঢাকা মেট্রো-ল ১২১৬৬৩,ঢাকা মেট্রো জ ১১-১৮৬৩,,,,,,
IMG_20191220_153000.jpg,ঢাকা মেট্রো ব ১৫-০১৯,ঢাকা মেট্রো-ব ৫০২১২৯,ঢাকা মেট্রো-ব ৫০২১২৯,,,,,,
IMG_20191220_155912.jpg,মেট্রো-ব খুলুন- মেটট্রে ৬,খুলনা মেট্রো-ব ০১০০০৬,খুলনা মেট্রো-ব ০১০০০৬,,,,,,
IMG_20191220_154716.jpg,খুলনা মেট্রো-ব ১১-০০২৪,খুলনা মেট্রো-ব ১১০০২৪,খুলনা মেট্রো-ব ১১-০০২৪,,,,,,
IMG_20191220_154842.jpg,ফারদপর-ব ১১-০০৫৮,ঢাকা মেট্রো-চ ২১১০৫৮,ঢাকা মেট্রো-চ ১১-০০৫৮,,,,,,
IMG_20191220_155124.jpg,খুলনা মেড্রো ট ১৯৮৮৬৭,ঢাকা মেট্রো-ঢ ৮৯২২৩৭,খুলনা মেট্রো-ঢ ৮৯২২৩৭,,,,,,
IMG_20191220_153812.jpg,ঢাকী মেট্ট্রো < ১৪-৫৬০৫,ঢাকা মেট্রো-ব ১৪৫৬০৫,ঢাকা মেট্রো-ব ১৪-৫৬০৫,,,,,,
IMG_20191220_154805.jpg,ঢাকা মেট্রো-ব '১৫৭৫২৭৩,ঢাকা মেট্রো-ব ৫২৫২৭৩,ঢাকা মেট্রো-ব ৫২৫২৭৩,,,,,,
IMG_20191220_160327.jpg,খুলন' মেট্টো ব ১১-00৮৬,maimanshing মেট্রো-ব ৩১০০৩৬,খুলনা মেট্রো-ব ৩১০০৩৬,,,,,,
IMG_20191220_161040.jpg,ঢাকা মেটো জ ১১-০৫৯,খুলনা মেট্রো-ল ২০৯০৯৯,ঢাকা মেট্রো-ল ২০৯০৯৯,,,,,,
IMG_20191220_160103.jpg,ঢাকা মেট্ৌো ব ১ -৪৩১৯,ঢাকা মেট্রো-ব ১১৪৩১৯,ঢাকা মেট্রো-ব ১১৪৩১৯,,,,,,
IMG_20190412_105428.jpg,ঢাকা মেট্রো-ট ১১৪৬১২৪,ঢাকা মেট্রো-ট ১১৬১২৪,ঢাকা মেট্রো-ট ১১-৬১২৪,,,,,,
IMG_20190412_105352.jpg,"খুঁলনমেট্র""",খুলনা মেট্রো-গ ১১১১৯৭,খুলনা মেট্রো-গ ১১১১৯৭,,,,,,
IMG_20190412_105248.jpg,খুলনা মেট্রো-ট ১৯৪১২৫১,খুলনা মেট্রো-ট ১১১২৫১,খুলনা মেট্রো-ট ১৯-১২৫১,,,,,,
IMG_20190412_105219.jpg,"খুলনা মেট্রো ন ,_শ৬২৯",খুলনা মেট্রো-ন ৩৯১৩২৯,খুলনা মেট্রো ন ৩৯১৩২৯,,,,,,
IMG_20190412_105415.jpg,ঢীকী মেটট্রী ট ১১৬১২৪,ঢাকা মেট্রো-ন ১৯৬৯২৪,ঢাকা মেট্রো-ন ১৯৬৯২৪,,,,,,
IMG_20190412_105252.jpg,খুলনী মেট্ট্রো-ট ১১-১২৫১,খুলনা মেট্রো-ট ১১১২৫১,খুলনা মেট্রো-ট ১১-১২৫১,,,,,,
IMG_20190412_105243.jpg,খুলনা খুলুনা মেট্টোে-টু মেট্ট্রো,খুলনা মেট্রো-ট ১১১২৫১,খুলনা মেট্রো-ট ১১১২৫১,,,,,,
IMG_20190412_105234.jpg,খুলুনা মেফে৫ে-টু খুলনা মেট্রো,ঢাকা মেট্রো-ঢ ১১১২৫১,খুলনা মেট্রো-ঢ ১১১২৫১,,,,,,
IMG_20190412_105413.jpg,ঢাকা মেট্রো-ট ১১২৬১ ২৪,ঢাকা মেট্রো-ট ১১৬১২৪,ঢাকা মেট্রো-ট ১১৬১২৪,,,,,,
IMG_20190412_105620.jpg,খুলনা মেট্টরো-ট ১১৪০৩৩৫,খুলনা মেট্রো-ট ১১০৩৩৫,খুলনা মেট্রো-ট ১১-০৩৩৫,,,,,,
IMG_20190412_105647.jpg,খুললা মোট্রো-ন ১৯-০২৭৪,খুলনা মেট্রো-ন ৩২১০৭৪,খুলনা মেট্রো-ন ১৯-০২৭৪,,,,,,
IMG_20190412_105531.jpg,খুল-যে্৪৬,খুলনা মেট্রো-ন ১১০২৪৩,খুলনা মেট্রো-ন ১১০২৪৩,,,,,,
IMG_20190412_105832 (2).jpg,খুলনা মেট্রো-ট ১১২০৩৩৫,খুলনা মেট্রো-ট ১১০৩৩৫,খুলনা মেট্রো-ট ১১-০৩৩৫,,,,,,
IMG_20190412_110828.jpg,ঢাকা ১৪০৪৫৯৩ মেট্ো-ট,ঢাকা মেট্রো-ট ১৪৪৫৯৩,ঢাকা মেট্রো-ট ১৪-৪৫৯৩,,,,,,
IMG_20190412_112332.jpg,যশোর- ন ১১-০৭০৮,maimanshing মেট্রো-ন ১০০৭০৮,যশোর মেট্রো-ন ১১-০৭০৮,,,,,,
IMG_20190412_105827 (2).jpg,ঢাকা মেট্রো ট১৪ ৪৫৯৩,ঢাকা মেট্রো-ট ১৪৪৫৯৩,ঢাকা মেট্রো ট ১৪৪৫৯৩,,,,,,
IMG_20190412_112253.jpg,খুলনা মেট্রো-ট ১১৪০৪০৩,maimanshing মেট্রো-গ ৩৭২২০৩,খুলনা মেট্রো-ট ১১-০৪০৩,,,,,,
IMG_20190412_112517 (2).jpg,খুলনা ট ১১৪০২৫৯ মেট্রো,খুলনা মেট্রো-চ ১১০২৫৯,খুলনা মেট্রো-চ ১১-০২৫৯,,,,,,
IMG_20190412_113228.jpg,ঢাকা-মেট্টোট ১৬৯৮৩৭,ঢাকা মেট্রো-হ ১৬৯৮৩৭,ঢাকা মেট্রো-হ ১৬৯৮৩৭,,,,,,
IMG_20190412_112414.jpg,ঢাকা মেরেট্রৌ-ট ১=3৬9,ঢাকা মেট্রো-ব ,ঢাকা মেট্রো-ব ,,,,,,
IMG_20190412_112513.jpg,খুলনা মেট্রো-ট ১ ৪0২৫৯ 8~,maimanshing মেট্রো-গ ১১০২৫৯,খুলনা মেট্রো-ট ১১০২৫৯,,,,,,
IMG_20190412_112340.jpg,খুলনী মেট্রৌো ট ১১৭০৪৬৩,খুলনা মেট্রো-ল ১১০৪৬৩,খুলনা মেট্রো-ল ১১-০৪৬৩,,,,,,
IMG_20190412_112343.jpg,খুলনা মেট্রৌ-ট ১১ং০৪৬৩,খুলনা মেট্রো-ট ১০০৪৬৩,খুলনা মেট্রো-ট ১১-০৪৬৩,,,,,,
IMG_20190412_112536.jpg,খুলনা মেট্রো-ট ১৯৭০২৫৯,খুলনা মেট্রো-ট ১১০২৫৯,খুলনা মেট্রো-ট ১৯-০২৫৯,,,,,,
IMG_20190412_114655.jpg,খশৌর-ট ১৯৪০৮৭0,ঢাকা মেট্রো-ট ২১১০২০,ঢাকা মেট্রো-ট ২১১০২০,,,,,,
IMG_20190412_114659.jpg,খুলনা মেট্রো ট ১১-১১৫১, মেট্রো-ট ২৩৯৯৯২,খুলনা মেট্রো ট ১১-১১৫১,,,,,,
IMG_20190412_114726.jpg,খুলনা মেট্রো-ট ১১৪১১৫১,ঢাকা মেট্রো-ট ,খুলনা মেট্রো-ট ১১-১১৫১,,,,,,
IMG_20190412_114706.jpg,খুলনা মেট্রো-ট ১১২১১৫১,খুলনা মেট্রো-ল ,খুলনা মেট্রো-ট ১১-১১৫১,,,,,,
IMG_20190413_122012.jpg,পাইকগাছা টু খুলনা এক্সপ্রেস সার্ভিস সময়: ২:১০মিনিট,ঢাকা মেট্রো-ল ,খুলনা মেট্রো-ল ,,,,,,
IMG_20190413_122008.jpg,পাইকগাছা টু খুলনা এক্সপ্রেস সার্তিস সময়: ২:১০মিনিট,ঢাকা মেট্রো-গ ,খুলনা মেট্রো-গ ,,,,,,
IMG_20190413_121720 (2).jpg,ঢাকা মেট্রেো-জ ১৪-১২০৯,ঢাকা মেট্রো-ল ১৪১২০৯,ঢাকা মেট্রো-ল ১৪-১২০৯,,,,,,
IMG_20190413_122847 (2).jpg,| ঢাকা মেট্রো-ব ১৪৪৮৮৮ ২,ঢাকা মেট্রো-ব ১৪৮৮৮২,ঢাকা মেট্রো-ব ১৪৮৮৮২,,,,,,
IMG_20190413_123225.jpg,ঢাকা মেট্রো ব ০২-০৩৩৬, মেট্রো-ল ,ঢাকা মেট্রো-ল ০২-০৩৩৬,,,,,,
IMG_20190413_122936.jpg,ঝিনাইজাহ. ব ০২-০00৯,maimanshing মেট্রো-ব ০২০০০১,ঝিনাইদহ মেট্রো-ব ০২০০০১,,,,,,
IMG_20190413_123000.jpg,ঝিনাইদাহ- ব ০২-090৯,ঢাকা মেট্রো-ব ০২০০০৯,ঝিনাইদহ মেট্রো-ব ০২০০০৯,,,,,,
IMG_20190413_122346.jpg,ঢাকা মেট্রো-ব ১১৪৪৫১১,ঢাকা মেট্রো-ব ১১৪৫১১,ঢাকা মেট্রো-ব ১১-৪৫১১,,,,,,
IMG_20190413_125209.jpg,খুলনা মেট্রৌ-জ 08-00৮৮,খুলনা মেট্রো-ল ০৪০০৮৮,খুলনা মেট্রো-ল ০৪০০৮৮,,,,,,
IMG_20190413_124513.jpg,ঢাকা মেট্রো-ব ১৫৪৪১০৯,ঢাকা মেট্রো-ব ১৫০৪০৯,ঢাকা মেট্রো-ব ১৫-৪১০৯,,,,,,
IMG_20190413_124459.jpg,ঢাকা মেট্রো ব ৪ - ৯ ৬১৯,ঢাকা মেট্রো-ব ২৪৩৯৬১,ঢাকা মেট্রো-ব ২৪৩৯৬১,,,,,,
IMG_20190413_123502.jpg,"ঢাকা মেট্রো < ১8-৬""0`",ঢাকা মেট্রো-ব ৭৪২০৯৮,ঢাকা মেট্রো-ব ৭৪২০৯৮,,,,,,
IMG_20190413_123320.jpg,ঢাকা মেট্রো ব ০২-0৩৩৬,ঢাকা মেট্রো-গ ,ঢাকা মেট্রো-গ ,,,,,,
IMG_20190413_124148.jpg,চট্ট মেট্রো-ব ১১২১১১৬,চট্ট মেট্রো-ব ১১১১১৬,চট্ট মেট্রো-ব ১১-১১১৬,,,,,,
IMG_20190413_124447.jpg,ঢাকা মেট্রো-ব ১৫৪৪১০৯,ঢাকা মেট্রো-ব ১৫৪১০৯,ঢাকা মেট্রো-ব ১৫-৪১০৯,,,,,,
IMG_20190413_123447.jpg,ঢাকা মেঢ্রো < 33 ৬ ৫ 0,খুলনা মেট্রো-ব ,ঢাকা মেট্রো-ব ,,,,,,
IMG_20190413_125648.jpg,খুলনা মেট্রো-জ ১১-০08৩,খুলনা মেট্রো-ল ১১০০৪৩,খুলনা মেট্রো-জ ১১০০৪৩,,,,,,
IMG_20191220_152725.jpg,খুলিনা মোট্রো-জ ১১-০০৯০,খুলনা মেট্রো-ল ১১০০৯০,খুলনা মেট্রো-ল ১১-০০৯০,,,,,,
IMG_20191220_152919.jpg,ঢাকা মেট্রো-ব ১৫২০১৯৯,ঢাকা মেট্রো-ব ১৫০১৯৯,ঢাকা মেট্রো-ব ১৫-০১৯৯,,,,,,
IMG_20191220_155146.jpg,খুলনা ১৯-১৫৪০ মেট্রো-ট,খুলনা মেট্রো-ট ১১৬৫৪০,খুলনা মেট্রো-ট ১৯-১৫৪০,,,,,,
IMG_20191220_154133.jpg,ঢাকা মেট্টো-ব ১২-০০0৮,ঢাকা মেট্রো-ব ১২০০০৮,ঢাকা মেট্রো-ব ১২০০০৮,,,,,,
IMG_20191220_153504.jpg,ঢাকা মেট্রো-ব ১৪-৬০৩3,ঢাকা মেট্রো-ব ১৪৬০৩৭,ঢাকা মেট্রো-ব ১৪৬০৩৭,,,,,,
IMG_20191220_155522.jpg,ঢাকা মেট্রো-জ ৮৬ ৮,maimanshing মেট্রো-খ ,ঢাকা মেট্রো-জ ,,,,,,
IMG_20191220_154524.jpg,ঢাকা মেট্রো-জ ১১৪২১৯৫, মেট্রো-ল ,ঢাকা মেট্রো-জ ১১-২১৯৫,,,,,,
IMG_20191220_153651.jpg,ঢাকা মেট্রো ব ১৪-৫৬০৫,ঢাকা মেট্রো-ব ৬৪৫৬০৫,ঢাকা মেট্রো-ব ১৪-৫৬০৫,,,,,,
IMG_20191220_161156.jpg,খুলনী মেট্রো-জ ১১ং০১৪০,খুলনা মেট্রো-ল ,খুলনা মেট্রো-জ ১১-০১৪০,,,,,,
IMG_20191220_160610.jpg,খুলনা মেট্রো-জ 0৫80089,খুলনা মেট্রো-ল ০৫০০৪৭,খুলনা মেট্রো-জ ০৫০০৪৭,,,,,,
IMG_20191220_155556.jpg,ঢাকা মেট্টো-জ ১৪-০8১৬,ঢাকা মেট্রো-ল ১৪৩০৯৬,ঢাকা মেট্রো-ল ১৪৩০৯৬,,,,,,
IMG_20191220_160929.jpg,ঢাকা মেট্রো-জ ১১৭০৫৯৯,ঢাকা মেট্রো-ল ১১০৫৯৯,ঢাকা মেট্রো-জ ১১-০৫৯৯,,,,,,
11_jpg.rf.b4ae2c32e6140ac1a179b975b94d6503.jpg,ঢাকা মেট্রো-গ ২০-৮৯০৬,ঢাকা মেট্রো-গ ২৮৮১০৬,ঢাকা মেট্রো-গ ২০-৮৯০৬,,,,,,
153835493_455946278878458_1231568548920154989_n_jpg.rf.40129df727d6c66d10911feff73144c7.jpg,এগোর ১১-৫৫৫২,ঢাকা মেট্রো-ট ১১৫৫৫২,ঢাকা মেট্রো-ট ১১-৫৫৫২,,,,,,
150872551_745674366353444_650108873611208396_n_jpg.rf.070a18fd7b91ca05626106642734d277.jpg,ঝিনাইদহ: হ ১৫-০৯৪৯,ঢাকা -হ ১৫০৯৪৯,ঝিনাইদহ -হ ১৫-০৯৪৯,,,,,,
153298017_267725374871575_6915732429980189359_n_jpg.rf.88499b328f5b338e4030876a49ddac9d.jpg,ঢাকা মেট্রো ন ১১-৩৮৫১,ঢাকা মেট্রো-ন ১১৩৮৫১,ঢাকা মেট্রো ন ১১-৩৮৫১,,,,,,
151841333_253770869561622_3645293749188840337_n_jpg.rf.b65f806c501d19b9b9147dff09bf1094.jpg,ঢাকা মেট্রো ন ১৭-৮8২৯,ঢাকা মেট্রো-ন ১৭৮৪২৯,ঢাকা মেট্রো ন ১৭৮৪২৯,,,,,,
153962106_457880642064116_3074774866374801246_n_jpg.rf.1414d61a14b62a02c54d423ebaae70f7.jpg,ঢাকা মেট্রো ন ১৭-৮8২০,ঢাকা মেট্রো-ন ১৭৮৪২৯,ঢাকা মেট্রো ন ১৭৮৪২৯,,,,,,
13_jpg.rf.f73f8ac27ca923255fc1b03aa2ead5e5.jpg,মট্র ঢা4] ৩১-৮৩২১,ঢাকা মেট্রো-ঢ ৩৭১৮৩২,ঢাকা মেট্রো-ঢ ৩১-৮৩২১,,,,,,
151974900_948675895872363_1653267576697676685_n_jpg.rf.94f3cb739c29b8a4fca61a906c3e4f62.jpg,মেট্রো | ঢাকা ১১-৩৮৫১,ঢাকা মেট্রো-ন ১১৩৮৫১,ঢাকা মেট্রো-ন ১১-৩৮৫১,,,,,,
152064455_465865857878965_9202968039244338350_n_jpg.rf.c0b3cf63747166a5d3c74be6133be4cd.jpg,ঘশোর ট ১১৪৫৫৫২,ঢাকা -ট ১১৫৫৫২,ঢাকা -ট ১১-৫৫৫২,,,,,,
27_jpg.rf.6c28124134693ac6556bbf7c6673c3c1.jpg,:ষটো ঢাকা [১৩-৫৭8৬,ঢাকা -ল ,ঢাকা -ল ,,,,,,
IMG_20190412_105423_jpg.rf.1c0b763cadda2231838a690fd7a57da1.jpg,চাক' ঘেল্ট্রো-ট ১১-৬১২৪,ঢাকা মেট্রো-ট ,ঢাকা মেট্রো-ট ১১-৬১২৪,,,,,,
IMG_20190413_121240_jpg.rf.21631100182d9d84d890d2b3fe6c2058.jpg,";5""75 08=^!~0", মেট্রো-হ , মেট্রো-হ ,,,,,,
IMG_20190413_124101_jpg.rf.8e67d8968f4fa2414ae623f1528bfcd1.jpg,খুলন' কেদ্রৌ  ১৯-৬09১, -ল ,খুলনা -ল ,,,,,,
IMG_20190413_122349_jpg.rf.44ea547121fc0248e53d05c7d8bda886.jpg,ঢাকা মেট্রো ১১-৪৫১১,ঢাকা মেট্রো-ব ১১৪৫১১,ঢাকা মেট্রো-ব ১১-৪৫১১,,,,,,
IMG_20190413_122430_jpg.rf.ca347da7caaf3e5d0bebbca9a7b38ece.jpg,মেট্রো ঢাকা ব-১৪৮৮৮২,ঢাকা মেট্রো-গ ,ঢাকা মেট্রো ঢ ,,,,,,
IMG_20190413_123935_jpg.rf.8ed943c1d9f17cfe3a987413188ad1ee.jpg,যশোর-ব ১১-০০৩৬,ঢাকা -ল ,যশোর -ল ১১-০০৩৬,,,,,,
IMG_20190413_124530_jpg.rf.aca4dbda702cbe610884967f7be63fb3.jpg,ঢাকা নেট্রো-ব ১৫:৪১০৯,ঢাকা -ল ,ঢাকা -ল ১৫-৪১০৯,,,,,,
IMG_20190413_122857_jpg.rf.d15a718c75e0d7aa19dbb4828d4d4dd6.jpg,ঢাকা মেট্রো ব ১৪-৮৮৮ ২,ঢাকা মেট্রো-ব ,ঢাকা মেট্রো-ব ,,,,,,
IMG_20191220_154454_jpg.rf.ed440989bc7dfa1e8de023126a83cb2b.jpg,দ মেট্রী ঢাকা ৬.35^1!,ঢাকা মেট্রো-গ ,ঢাকা মেট্রো-গ ,,,,,,
IMG_20191220_155633_jpg.rf.9100d39a95b577e4acd8dfacba0f5809.jpg,ঢাককা যেট্রো ১১-৪৩১১,ঢাকা -ল ,ঢাকা -ল ১১-৪৩১১,,,,,,
IMG_20191220_154447_jpg.rf.b8fb30164cb6f2e3176ed895a052e7eb.jpg,ঢাকা প -] ১১3;৯1;,ঢাকা মেট্রো-গ ,ঢাকা মেট্রো-গ ,,,,,,
IMG_20191220_154524_jpg.rf.cbc3b33710cabff3ff5fcc5218ebee4d.jpg,ঢাকা মেট্রো-জ ১১-২১৯৫, মেট্রো-হ ,ঢাকা মেট্রো-জ ১১-২১৯৫,,,,,,
IMG_20191220_154529_jpg.rf.ba58a7e00135efc936c64164a17801fc.jpg,মেট্রৌ জ ঢাকী ১১-২১৯৫,ঢাকা মেট্রো-ল ,ঢাকা মেট্রো-ল ১১-২১৯৫,,,,,,
IMG_20191220_153651_jpg.rf.880618718231a071f63ef9815a5fc00e.jpg,ঢাকা মেট্রো: ১৪-৫৬06,ঢাকা মেট্রো-হ ,ঢাকা মেট্রো-হ ,,,,,,
IMG_20191220_154027_jpg.rf.38ec2eef728f6af76ac4cf4733387f58.jpg,খুলনা মেট্রো-ব ১১-৪১৪৫, মেট্রো-ল ,খুলনা মেট্রো-ব ১১-৪১৪৫,,,,,,
IMG_20191220_153819_jpg.rf.cffda3178e6af8471a9efaf85a59fc60.jpg,ঢাক মেষ্টরো ব ১৪-৫৬০৫,ঢাকা -ল ,ঢাকা -ল ১৪-৫৬০৫,,,,,,
car-1027_jpg.rf.8289ad83bb70bbfe58aebd57ab6c61ef.jpg,ঢাকা মেট্রো গ ৩৯৪৫৫৩,ঢাকা মেট্রো-গ ৩৯৫৫৩৩,ঢাকা মেট্রো গ ৩৯৫৫৩৩,,,,,,
car-1024_jpg.rf.9823c48abbf723d59bc9087f7b555e8e.jpg,294 ১০-৭৫৮৮,ঢাকা মেট্রো-গ ২০৭৫৮৮,ঢাকা মেট্রো-গ ১০-৭৫৮৮,,,,,,
car-1080_jpg.rf.540d1553fc478ac99b33cd902fe913a5.jpg,ঢ ঢাকা মেট্রো; ৫৪-0৬0.,ঢাকা মেট্রো-হ ৫৪০৬০১,ঢাকা মেট্রো-হ ৫৪০৬০১,,,,,,
car-1005_jpg.rf.84c19107126386bf2d5be10b142399a5.jpg,5| ঢাকা মেট্রো: ১১-৭৭09,ঢাকা মেট্রো-গ ১১৭৭০৭,ঢাকা মেট্রো-গ ১১৭৭০৭,,,,,,
car-2014_jpg.rf.09f67bb25320a305edec732ec5b8d87c.jpg,ঢাকা নেট্রৌ্গ ২২৪৮০১৮,ঢাকা মেট্রো-গ ২০২৮০৮,ঢাকা মেট্রো-গ ২২-৮০১৮,,,,,,
car-2019_jpg.rf.567040bf0843e1f078f550b91e23c4db.jpg,|ঝেডরেী ঢাকী ২০৪৪৫৬৩,ঢাকা মেট্রো-গ ২০৪৫৬৩,ঢাকা মেট্রো-গ ২০-৪৫৬৩,,,,,,
car-1014_jpg.rf.8476681b630d1f5410319b56e3e62ece.jpg,ঢাকা মেট্রো-গ ২৫-১৭৪৮,ঢাকা মেট্রো-গ ২৫১৭৪৮,ঢাকা মেট্রো-গ ২৫-১৭৪৮,,,,,,
car-1061_jpg.rf.e010451bc77575e888b510996d164dd7.jpg,ঢাকা মেট্রৌ চ ১১-৫৪৮৫,ঢাকা মেট্রো-হ ১১৫৪৮৫,ঢাকা মেট্রো-হ ১১-৫৪৮৫,,,,,,
car-2009_jpg.rf.fcfc14c19a47c9d76be2f173cfdedf7d.jpg,চট্র মেট্রো গ ৪0১২১,চট্ট মেট্রো-গ ১৩০১২১,চট্ট মেট্রো গ ১৩০১২১,,,,,,
car-2025_jpg.rf.752f651d6ca6dfda7d721582aeecf9a6.jpg,ঢাকা মেট্রো-খ ১৩-০৭৫৩,ঢাকা মেট্রো-ল ১৩০৭৫৩,ঢাকা মেট্রো-খ ১৩-০৭৫৩,,,,,,
car-2011_jpg.rf.42b1e972b14b076037cb58c35b6539ff.jpg,চট্ট মেট্রো ক ১১-০৭২৬,চট্ট মেট্রো-ক ১৬০৭২৬,চট্ট মেট্রো ক ১১-০৭২৬,,,,,,
Shykat_02_047_jpg.rf.4588cbfde7aa4ad1cbeb7aedd0eac05c.jpg,ঢগফম? ১০.১৭১৪,ঢাকা মেট্রো-গ ২০৯৭১৪,ঢাকা মেট্রো-গ ১০-১৭১৪,,,,,,
car-3307_jpg.rf.8dc9db5fadbf3587071f480703532ff2.jpg,ঢাকা মেট্রো গ ২৯-৬৬৫৮,ঢাকা মেট্রো-গ ২৯৬৬৫৮,ঢাকা মেট্রো গ ২৯-৬৬৫৮,,,,,,
car-3290_jpg.rf.5bcd95efca107ab334bc3efca17d4b99.jpg,ঢাকা মেট্রো-গ ২০-৪৩২২,ঢাকা মেট্রো-গ ২০৪৩২২,ঢাকা মেট্রো-গ ২০-৪৩২২,,,,,,
car-3283_jpg.rf.24d508cc7a34df0d55a2cf05a2d0a512.jpg,ঢাকা মেট্রো গ ১৪-8৩৬০,ঢাকা মেট্রো-গ ১৪৪৩৬০,ঢাকা মেট্রো গ ১৪৪৩৬০,,,,,,
car-3058_jpg.rf.3f166cd0c32f575ea3c7ba9384a719c0.jpg,ঢাকা মেট্রো-গ ৩৭৪৪৮৩9,ঢাকা মেট্রো-গ ৩৭৪৮৩৭,ঢাকা মেট্রো-গ ৩৭৪৮৩৭,,,,,,
car-3059_jpg.rf.8dd7fe7646aaee540c247cb5b6b5f8e5.jpg,ঢাকা মেট্রৌ-গ ৩৭ ৪৮৩9,ঢাকা মেট্রো-গ ৩৭৪৮৩৭,ঢাকা মেট্রো-গ ৩৭৪৮৩৭,,,,,,
car-3285_jpg.rf.e580975f2588de6de2a06209fadcafce.jpg,ঢাকা মেট্রো-চ ৫১-৯৯৮৫,ঢাকা মেট্রো-চ ৫১৯৯৮৫,ঢাকা মেট্রো-চ ৫১-৯৯৮৫,,,,,,
car-3245_jpg.rf.859f077c17c99780c4bd83ce161183c6.jpg,ঢাকা মেট্রো-গ ৩৭৪৪৮৩9,ঢাকা মেট্রো-গ ৩৭৪৮৩৭,ঢাকা মেট্রো-গ ৩৭৪৮৩৭,,,,,,
car-3279_jpg.rf.ef576af81b01eb2434f209bc0cae7327.jpg,ঢাকা মেট্রো-গ ৩৪-২৫৫৯,ঢাকা মেট্রো-গ ৩৪২৫৫৯,ঢাকা মেট্রো-গ ৩৪-২৫৫৯,,,,,,
car-3031_jpg.rf.430b2f82e18c8c757bb3561711a8d11e.jpg,ঢাকা মেট্রো-গ ১৪-৬৯০২,ঢাকা মেট্রো-গ ১৪৬৯০২,ঢাকা মেট্রো-গ ১৪-৬৯০২,,,,,,
car-3049_jpg.rf.ea77b1fa4fe17e58a5c14b9079b0bc5e.jpg,ঢাকা মেট্রো-গ ২১ং০০৭৫,ঢাকা মেট্রো-গ ২১০০৭৫,ঢাকা মেট্রো-গ ২১-০০৭৫,,,,,,
car-3022_jpg.rf.fa5dd4d4937b04a0e5bcd0d8ea77a2b6.jpg,ঢাকা মেট্রোগ ১৩-৪৬8৭,ঢাকা মেট্রো-গ ১৩৪৬৪৭,ঢাকা মেট্রো-গ ১৩৪৬৪৭,,,,,,
car-3294_jpg.rf.f39587a6581eb070bb5947661162cd0a.jpg,ঢাকা মেেট্রো গ| ৩২-১২৪৯,ঢাকা মেট্রো-গ ৩২১২৪৯,ঢাকা মেট্রো-গ ৩২-১২৪৯,,,,,,
car-3280_jpg.rf.3bc189f57004dcd273be7de3d463bc53.jpg,ঢাকা মেট্রো  গ ৩৫-89২৬,ঢাকা মেট্রো-গ ৩৫৪৭২৬,ঢাকা মেট্রো গ ৩৫৪৭২৬,,,,,,
car-3268_jpg.rf.e3f55ae5f973328a6513ff6f620be85c.jpg,ঢাকা মেট্রো গ ২৩-০৮8৭,ঢাকা মেট্রো-গ ২৩০৮৪৭,ঢাকা মেট্রো গ ২৩০৮৪৭,,,,,,
car-3107_jpg.rf.9f471f4907f26466834ffbad5cabd573.jpg,ঢাকা মেট্রে] গ ২৩-৭১৯১,ঢাকা মেট্রো-গ ২৩৭১৯১,ঢাকা মেট্রো-গ ২৩-৭১৯১,,,,,,
car-2071_jpg.rf.675432d4952bb972c4b145800aa17688.jpg,মেট্রো গ ঢাকা ৩৫৪৫৫১৯,ঢাকা মেট্রো-গ ৩৫৫৫১৯,ঢাকা মেট্রো গ ৩৫-৫৫১৯,,,,,,
car-3182_jpg.rf.40b902abc35c1eeb68184ff151b79974.jpg,ঢাকা মেটো-গ ৩১-৯৯২২,ঢাকা মেট্রো-গ ৩১৯৯২২,ঢাকা মেট্রো-গ ৩১-৯৯২২,,,,,,
car-3270_jpg.rf.62e4f4fd403cce1f9c18a50449ce7e9c.jpg,ঢাকা মেট্রো-খ ১২০২১৭৭,ঢাকা মেট্রো-খ ১২২১৭৭,ঢাকা মেট্রো-খ ১২-২১৭৭,,,,,,
car-3177_jpg.rf.3ee07d5ac83d40f8edd2714d58ad5e43.jpg,চট্ট মেট্রো গ ১৩-২৪৭৬,ঢাকা মেট্রো-গ ১৩২৪৭৬,চট্ট মেট্রো গ ১৩-২৪৭৬,,,,,,
car-3120_jpg.rf.30db314e9dd0cd3a867d0d4419d6e4fb.jpg,ঢাকা মেট্রো-গ ৩৯-৬৯০৪,ঢাকা মেট্রো-গ ৩৯৬৯০৪,ঢাকা মেট্রো-গ ৩৯-৬৯০৪,,,,,,
car-3016_jpg.rf.18ade6fab91768cabd9035b4a3cf8bf6.jpg,ঢাকা মেটো-গ ২৩-৪৮০8,ঢাকা মেট্রো-গ ২৩৪৮০৪,ঢাকা মেট্রো-গ ২৩৪৮০৪,,,,,,
car-3251_jpg.rf.68aac91813404e34ea1f69819674cd33.jpg,ঢাকা মেট্রো-গ ৩৭-২৬০৫,ঢাকা মেট্রো-গ ৩৭২৬০৫,ঢাকা মেট্রো-গ ৩৭-২৬০৫,,,,,,
car-2089_jpg.rf.410bc80ff2024684c237b876e0347bfb.jpg,ঢাকা মেট্রো-গ ১৫-৬৯৮৭,ঢাকা মেট্রো-চ ১৫৬৯৮৭,ঢাকা মেট্রো-গ ১৫-৬৯৮৭,,,,,,
car-3158_jpg.rf.15ede1549c66370a5da73ffe36986e56.jpg,ঢাকা মেট্রো-গ ১৩-৯২১২,ঢাকা মেট্রো-গ ১৩৯২১২,ঢাকা মেট্রো-গ ১৩-৯২১২,,,,,,
car-3228_jpg.rf.60fbd80798801bb8f612186dccd1f8d1.jpg,ঢাকা মেট্রোগ ১৩-৯৩৩৮,ঢাকা মেট্রো-গ ১৩৯৩৩৮,ঢাকা মেট্রো-গ ১৩-৯৩৩৮,,,,,,
car-3050_jpg.rf.25b9d10f75bd37ba01f2f5f48ac49519.jpg,চট্ট মেট্রোগ ১২-০১৯১,চট্ট মেট্রো-গ ১২০১৯১,চট্ট মেট্রো-গ ১২-০১৯১,,,,,,
car-3009_jpg.rf.4da883c5ff002a7d852afc1fb346a086.jpg,ঢাকা মেট্রো 5| ২৯-৮৮৫০,ঢাকা মেট্রো-গ ২৯৮৮৫০,ঢাকা মেট্রো-গ ২৯-৮৮৫০,,,,,,
car-3239_jpg.rf.f00d5c661e69b64e6f022898b77ea9a8.jpg,ঢাকা মেট্রোগ ৩১-২৭৪৬,ঢাকা মেট্রো-গ ৩১২৭৪৬,ঢাকা মেট্রো-গ ৩১-২৭৪৬,,,,,,
car-3123_jpg.rf.2214aedc9b2664301e5ff49139c21824.jpg,ঢাকা মেট্রো গ ২১-৯০৫১,ঢাকা মেট্রো-গ ২১৯০৫১,ঢাকা মেট্রো গ ২১-৯০৫১,,,,,,
car-3053_jpg.rf.a1dd140c5c552847bf4f87c0c41e9922.jpg,ঢাকা মেট্রো গ ১৫-০৭৫৯,ঢাকা মেট্রো-গ ১৫০৭৫৯,ঢাকা মেট্রো গ ১৫-০৭৫৯,,,,,,
car-3246_jpg.rf.d32a1983219ab5fea6cac023930089cf.jpg,ঢাকা মেট্রো গ ২৯-৭১৪২,ঢাকা মেট্রো-গ ২৯৭১৪২,ঢাকা মেট্রো গ ২৯-৭১৪২,,,,,,
car-3286_jpg.rf.64f82cba2fa839f847fd844dcd8812f2.jpg,ঢাকা মেেট্রো গ ২৭৪৭৯৫৭,ঢাকা মেট্রো-গ ২৭৭৯৫৭,ঢাকা মেট্রো-গ ২৭-৭৯৫৭,,,,,,
car-3015_jpg.rf.39022b8a3df1ebe8d08d5e84ab435e63.jpg,ঢাকা মেট্রৌ-গ ২৩ং৪৫৬২,ঢাকা মেট্রো-গ ২৩৪৫৬২,ঢাকা মেট্রো-গ ২৩-৪৫৬২,,,,,,
car-3252_jpg.rf.dc9d0cbc543afd2966d60208b4b50bc6.jpg,ঢাকা মেট্রো গ ১৩-৯২৫,ঢাকা মেট্রো-গ ১৩৯২৫৩,ঢাকা মেট্রো গ ১৩৯২৫৩,,,,,,
car-3032_jpg.rf.17aa25cb7a33ce0883a976c99e095eca.jpg,ঢাকা মেট্রো-গ ২১-০০৭৫,ঢাকা মেট্রো-গ ২১০০৭৫,ঢাকা মেট্রো-গ ২১-০০৭৫,,,,,,
car-2078_jpg.rf.5475b5fcaa21caadc1cad590fc16e0d5.jpg,চট্ট মেট্রৌ গ ১২ ১৩৫৫,চট্ট মেট্রো-গ ১২১৩৫৫,চট্ট মেট্রো-গ ১২-১৩৫৫,,,,,,
car-3225_jpg.rf.914fe2e7f9258c483eb525c20a7aa0af.jpg,ঢাকা ম-ট্রা গ ১৩-৫৬৯০,ঢাকা মেট্রো-গ ১৩৫৬৯০,ঢাকা মেট্রো-গ ১৩-৫৬৯০,,,,,,
car-6147_jpg.rf.224e207cf6212fc004ac36fe31bdfbd9.jpg,৬ঙগ ঢাকা মেদ্রৌ-ঘ ১৫২০৪১৪,ঢাকা -ঘ ১৫০৪১৪,ঢাকা -ঘ ১৫-০৪১৪,,,,,,
car-4047_jpg.rf.b193604170422f33a354606768ec3741.jpg,মেট্রো-ঘ ঢাকা ১৫-৩৮৫৩,ঢাকা মেট্রো-ঘ ১৫৩৮৫৩,ঢাকা মেট্রো-ঘ ১৫-৩৮৫৩,,,,,,
car-6150_jpg.rf.3b6fec1fbd4b9d2ffbc28279a8300152.jpg,ঢাকা মেট্রোগ ৩৭ঞ৯0৬,ঢাকা মেট্রো-গ ৩৭৯০৬৩,ঢাকা মেট্রো-গ ৩৭৯০৬৩,,,,,,
car-6161_jpg.rf.556cdc54f9606dbc22caff8940406ab5.jpg,ঢাকা মেট্রী: ১১-২৯৭৪,ঢাকা মেট্রো-গ ১১২৯৭৪,ঢাকা মেট্রো-গ ১১-২৯৭৪,,,,,,
car-6085_jpg.rf.97c7c8078568e99f52256d2b252f8e79.jpg,ঢাকা মেট্রো-গ ৩৫-১৬৮১,ঢাকা মেট্রো-গ ৩৫১৬৮১,ঢাকা মেট্রো-গ ৩৫-১৬৮১,,,,,,
car-5026_jpg.rf.7608ab30f19fa198d0c7792c0b36d704.jpg,খেদ্রট ৮]ক1 ৩১-৯৯৩২, মেট্রো-গ ৩১৯৯৩২, মেট্রো-গ ৩১-৯৯৩২,,,,,,
car-6149_jpg.rf.79177f783d928dab22dd520bc51c2762.jpg,ঢাকা মেট্রা-খ ১১-৯৩৭৭,ঢাকা মেট্রো-খ ১১৯৩৭৭,ঢাকা মেট্রো-খ ১১-৯৩৭৭,,,,,,
car-4045_jpg.rf.d9afc51ed9c28274991fedd1e5832869.jpg,৮ [|}৩স ঢাকা যেট্রো-গ ২৮-০৮৮,ঢাকা মেট্রো-গ ২৮০৮৮৮,ঢাকা মেট্রো-গ ২৮০৮৮৮,,,,,,
car-5072_jpg.rf.7223445fdd3b612ef0c8adbacbd78314.jpg,ঢাক] মেট্রেো ২২-৮০১৮,ঢাকা মেট্রো-গ ২২৮০১৮,ঢাকা মেট্রো-গ ২২-৮০১৮,,,,,,
car-6058_jpg.rf.3031fc7623d318e5e065d4fb860ee3b4.jpg,ঢাকা মেট্রা: গ ২৫৪৮০৯৯,ঢাকা মেট্রো-গ ২৫৮০৯৯,ঢাকা মেট্রো-গ ২৫-৮০৯৯,,,,,,
car-5069_jpg.rf.269d12eecf915d595de54275e10c7b85.jpg,ঝট| ঢাশী ১৫৪৮০৭৫,ঢাকা মেট্রো-ব ১৫৮০৭৫,ঢাকা মেট্রো-ব ১৫-৮০৭৫,,,,,,
car-6140_jpg.rf.610de619a17fa692bbb79127b9bd2a0e.jpg,ঢাকা মেট্রো-গ ৩৭-২৫৫২,ঢাকা মেট্রো-গ ৩৭২৫৫২,ঢাকা মেট্রো-গ ৩৭-২৫৫২,,,,,,
car-4050_jpg.rf.214141068323dbf0ce1c422a356d49c6.jpg,মেট্রো গ ঢাকা ৩৯'৮00>,ঢাকা মেট্রো-গ ৩৯৮০০২,ঢাকা মেট্রো গ ৩৯৮০০২,,,,,,
car-4064_jpg.rf.d0e2cbf45a5c3fd34d63d1e49e034484.jpg,ঢাকা মেট্রো- ঋ ১২-৪৯২৫,ঢাকা মেট্রো-খ ১২৪৯২৫,ঢাকা মেট্রো-খ ১২-৪৯২৫,,,,,,
car-5062_jpg.rf.1c55cbad97cec643bcf10d8b23c6d108.jpg,ঢাকা মেট্রোচ ১১৪৫৪৮৫,ঢাকা মেট্রো-ঢ ১১৫৪৮৫,ঢাকা মেট্রো-ঢ ১১-৫৪৮৫,,,,,,
car-4019_jpg.rf.de5d68b0889fc9bdb513b8eee0d3774b.jpg,গ| ঢাকা মেট্রো ২৫-৯৮৩৩,ঢাকা মেট্রো-গ ২৫৯৮৩৩,ঢাকা মেট্রো-গ ২৫-৯৮৩৩,,,,,,
car-6077_jpg.rf.2bd898f052eb2a0a07f1f0d2124fd684.jpg,ঢাক] মেড্রৌ 5` ২৫-৪৮১৬,ঢাকা মেট্রো-ল ২৫৪৮১৬,ঢাকা মেট্রো-ল ২৫-৪৮১৬,,,,,,
car-6142_jpg.rf.6d4d30e9981fb9abfb0de79535058430.jpg,ঢাকা মেেট্রো-খ ১২-৭০৫২,ঢাকা মেট্রো-খ ১২৭০৫২,ঢাকা মেট্রো-খ ১২-৭০৫২,,,,,,
car-3321_jpg.rf.13e6dc7f55674b4a7d811a7ee243c017.jpg,ঢাকা মেট্রো-খ ১৩-২৭০১,ঢাকা মেট্রো-খ ১৩২৭০১,ঢাকা মেট্রো-খ ১৩-২৭০১,,,,,,
car-5040_jpg.rf.6a0659aed618631ea0063cc2eb9ee774.jpg,মেট্রৌ গ ঢাকী ৭8২৫৫২,ঢাকা মেট্রো-গ ৩৭২৫৫২,ঢাকা মেট্রো-গ ৩৭২৫৫২,,,,,,
car-5045_jpg.rf.e3561c184cc5f4c4f610fa72fecc3791.jpg,9| মেট্রেো ঢাকা ৩৭-৯০০০,ঢাকা মেট্রো-গ ৩৭৯০০০,ঢাকা মেট্রো-গ ৩৭-৯০০০,,,,,,
car-5001_jpg.rf.1c2026d0a41933be88feeb0d8561615a.jpg,ঝেটরো ঢ9| ১৫৪৮০৭৫,ঢাকা মেট্রো-ল ১৫৮০৭৫,ঢাকা মেট্রো-ল ১৫-৮০৭৫,,,,,,
car-6060_jpg.rf.5550122debb5c4095ed5a100bb646a8c.jpg,ঢাকা মেট্রোগ ২৫ ৯৮৩৩,ঢাকা মেট্রো-গ ২৫৯৮৩৩,ঢাকা মেট্রো-গ ২৫-৯৮৩৩,,,,,,
car-5056_jpg.rf.78f82012babf97deaada222d04fbd944.jpg,টাকী মেট্রো ৩৩-৮৭৫৬,ঢাকা মেট্রো-গ ,ঢাকা মেট্রো-গ ৩৩-৮৭৫৬,,,,,,
car-5047_jpg.rf.6b6126815729f2e3504ca190c25db308.jpg,৫| মেট্রো ঢাকা ৩২-৬৬১২,ঢাকা মেট্রো-গ ৩২৬৬১২,ঢাকা মেট্রো ঢ ৩২-৬৬১২,,,,,,
car-5003_jpg.rf.778dac8ffa7cf6d512f820194f23185c.jpg,ঢাকা মেট্রেো গ ৩৭-৬৭৯১,ঢাকা মেট্রো-গ ৩৭৬৭৯১,ঢাকা মেট্রো-গ ৩৭-৬৭৯১,,,,,,
car-6045_jpg.rf.5042cb9387e7ab071af55a0b7f573f7c.jpg,ঢাকা মেট্রো-গ ১১৭৯৫৯৫,ঢাকা মেট্রো-গ ১১৯৫৯৫,ঢাকা মেট্রো-গ ১১-৯৫৯৫,,,,,,
car-6165_jpg.rf.1d801b89809aa76eb9e26b00ebe9bb9c.jpg,ঢাক] মেেট্রো গ ১৪-৬৪৬,ঢাকা মেট্রো-গ ১৪৬৩৪৬,ঢাকা মেট্রো-গ ১৪৬৩৪৬,,,,,,
car-6316_jpg.rf.4a97deee6cbd6842c4d9c5382658eb3a.jpg,ঢাকা মেট্রো গ ২১-৭২৫০,ঢাকা মেট্রো-গ ২১৭২৫০,ঢাকা মেট্রো গ ২১-৭২৫০,,,,,,
sabiha-72-_jpg.rf.864efa6ccdc0e5c5968566101871f006.jpg,গ] ১৯-998!,চট্ট -ল ৮৮৭৭৪৩,চট্ট -ল ৮৮৭৭৪৩,,,,,,
car-6357_jpg.rf.20a9226f881922cc71d4a52273b37204.jpg,ঢাকা মেেট্রো গ ১৩-৪১০৩,ঢাকা মেট্রো-ল ১৩৪১০৩,ঢাকা মেট্রো-ল ১৩-৪১০৩,,,,,,
car-6334_jpg.rf.e951c06bdfef6c4bf94d31397b5c8699.jpg,ঢাকা মেট্রা গ ২১৪৪৯৩৫,ঢাকা মেট্রো-গ ২১৪৯৩৫,ঢাকা মেট্রো-গ ২১-৪৯৩৫,,,,,,
car-6166_jpg.rf.8ded62055174856e2b6e4e5848d02cd1.jpg,ঢাকা মেট্রে' 5| ২৩-৮৩৩১,ঢাকা মেট্রো-গ ২৩৮৩৩১,ঢাকা মেট্রো-গ ২৩-৮৩৩১,,,,,,
car-6275_jpg.rf.1244f3700f31ab4d67b5925cb2b6e8c9.jpg,ঢাকা মেট্রো ১৩-৫০8,ঢাকা মেট্রো-ল ১৩৫০৪৩,ঢাকা মেট্রো-ল ১৩৫০৪৩,,,,,,
car-6221_jpg.rf.f689dd7112bc9cbbcd060cd5bd850aff.jpg,ঢাকা মেেট্রো-গ ২০-৪৫৬৩,ঢাকা মেট্রো-গ ২০৪৫৬৩,ঢাকা মেট্রো-গ ২০-৪৫৬৩,,,,,,
car-6282_jpg.rf.e075b46853216fcfb8bbed4eb9ae0545.jpg,ঢাকা মেেট্রো-গ ৩৯ং৩১৪৩,ঢাকা মেট্রো-গ ৩৯৩১৪৩,ঢাকা মেট্রো-গ ৩৯-৩১৪৩,,,,,,
car-6342_jpg.rf.5ec610adb41ef46824a402394aae0f41.jpg,ঢাক] মেট্রেো  ১২-৭৮১৯,ঢাকা মেট্রো-খ ১২৭৮১৯,ঢাকা মেট্রো-খ ১২-৭৮১৯,,,,,,
car-6234_jpg.rf.ad4f615f252d3f563d3874afae305807.jpg,ঢাকা মেট্রো গ ৩৭-৪৮৩৭,ঢাকা মেট্রো-গ ৩৭৪৮৩৭,ঢাকা মেট্রো গ ৩৭-৪৮৩৭,,,,,,
car-6335_jpg.rf.3d52035240a01fe79c3e4ac86e1d8905.jpg,ঢাকা মেট্রো-গ ৩৫-৯৬৯৪,ঢাকা মেট্রো-গ ৩৫৯৬৯৪,ঢাকা মেট্রো-গ ৩৫-৯৬৯৪,,,,,,
car-6200_jpg.rf.df6fdd27f1e4e6392da0ec43081d917c.jpg,ঢক1 .মদ্রা ২১ ১৭১২,ঢাকা মেট্রো-গ ২১১৭১২,ঢাকা মেট্রো-গ ২১-১৭১২,,,,,,
car-6196_jpg.rf.fd8e9c924f24b1656e45c9b890c38e64.jpg,ঢাক: শে-ট্রী-গ ২১ং০০৭৫,ঢাকা মেট্রো-গ ২১০০৭৫,ঢাকা মেট্রো-গ ২১-০০৭৫,,,,,,
car-6183_jpg.rf.72ae99544c92b13cc3216efd078cab91.jpg,ঢাকা মেট্র্গ ২০-৮১৭৯,ঢাকা মেট্রো-গ ২০৮১৭৯,ঢাকা মেট্রো-গ ২০-৮১৭৯,,,,,,
car-6346_jpg.rf.517e571af1cedbc04048d5c110e70c88.jpg,ঢাকা মেট্রো-গ ২৭-৮৬৪৩,ঢাকা মেট্রো-গ ২৭৮৬৪৩,ঢাকা মেট্রো-গ ২৭-৮৬৪৩,,,,,,
car-6314_jpg.rf.e005cde4bdf94df183207eda1839bf35.jpg,ঢাকা মেট্রো গ ৩২-৩৭৮`,ঢাকা মেট্রো-গ ৩২৩৭৮৮,ঢাকা মেট্রো গ ৩২৩৭৮৮,,,,,,
car-6210_jpg.rf.337fbdc0692fd5d2bebf1237f99ec0b6.jpg,ঢাকা মেট্রো- গ ২৯-২৫৪৪,ঢাকা মেট্রো-গ ২৯২৫৪৪,ঢাকা মেট্রো-গ ২৯-২৫৪৪,,,,,,
car-6365_jpg.rf.7e89a92a3ab517865ec89bd3ae4e7df0.jpg,ঢাকা মেট্রো গ ২২-০৯২৩,ঢাকা মেট্রো-গ ২২০৯২৩,ঢাকা মেট্রো গ ২২-০৯২৩,,,,,,
car-6343_jpg.rf.50dcc760d4546987821db31f301444ab.jpg,ঢাকা মেট্রো- গ ৩৭-88৫৩,ঢাকা মেট্রো-গ ৩৭৪৪৫৩,ঢাকা মেট্রো-গ ৩৭৪৪৫৩,,,,,,
car-6169_jpg.rf.77a033a307999be3ae14e35467da4a39.jpg,ঢাকা মেট্রা-গ ২৩-২২৭৯,ঢাকা মেট্রো-গ ২৩২২৭৯,ঢাকা মেট্রো-গ ২৩-২২৭৯,,,,,,
135_jpg.rf.e67e94b142a8a2c678f8394515a19283.jpg,ঢাকা মেট্রেো ১৭-২৫৯,ঢাকা -ট ,ঢাকা -ট ,,,,,,
13_jpg.rf.103d1139ed6f98ad13b43d16e80baa94.jpg,চট্ট নেট্রো গ ১১-৫২৯৪,ঢাকা মেট্রো-গ ১১৫২৯৪,চট্ট মেট্রো-গ ১১-৫২৯৪,,,,,,
14_jpg.rf.bf1ec5fead4a9aa2ffe276ea70ca47dc.jpg,ঢাকা মযট্রো ;1 ৩১-৮৩২১,ঢাকা মেট্রো-গ ৩১৮৩২১,ঢাকা মেট্রো-গ ৩১-৮৩২১,,,,,,
2_jpg.rf.b736f6cea9b3f9d385963e181d79d7c0.jpg,ঢাকা মেট্রো-গ ১৭-৭0৬১,ঢাকা মেট্রো-গ ১৭৭০৬১,ঢাকা মেট্রো-গ ১৭৭০৬১,,,,,,
car-1018_jpg.rf.493423acde2fb0f2de7749e166290a12.jpg,ঢাকা মেট্রো-গ ২৫-৯৮২৪,ঢাকা মেট্রো-গ ২৫৯৮২৪,ঢাকা মেট্রো-গ ২৫-৯৮২৪,,,,,,
car-1076_jpg.rf.e082ff609a3f8fb9f8a3e772a23a9e0b.jpg,সেট্রো গ ঢাকা ২০৪৫৮৩৯,ঢাকা মেট্রো-গ ২০৫৮৩৯,ঢাকা মেট্রো-গ ২০-৫৮৩৯,,,,,,
car-3063_jpg.rf.385c9bcb68dd5369961fc1816f07bb64.jpg,ঢাকা যেটরে ঘ ১৫-৩৭৫৬,ঢাকা মেট্রো-ঘ ১৫৩৭৫৬,ঢাকা মেট্রো-ঘ ১৫-৩৭৫৬,,,,,,
car-3064_jpg.rf.baf99c5a26ee1d3df2439a8ecc58f347.jpg,ঢাকা মেট্রো গ ২৯২৮৬৪২,ঢাকা মেট্রো-গ ২৯৮৬৪২,ঢাকা মেট্রো গ ২৯-৮৬৪২,,,,,,
car-3065_jpg.rf.e10ce0e68e469bab6a3d08d4862a29a8.jpg,ঢাকা মেট্রো- ঘ ১৫-৩৭৫৬,ঢাকা মেট্রো-ঘ ১৫৩৭৫৬,ঢাকা মেট্রো-ঘ ১৫-৩৭৫৬,,,,,,
car-3068_jpg.rf.5ca4807f7bfb0a0c25f4eacf09c4e2b6.jpg,ঢাকা মেট্রো-গ ৩৫-৫৫১৯,ঢাকা মেট্রো-গ ৩৫৫৫১৯,ঢাকা মেট্রো-গ ৩৫-৫৫১৯,,,,,,
car-3070_jpg.rf.b0977ea2b4d96bd5f3026fb3852e6e5b.jpg,ঢাকা মেট্রো গ ৩৫ং৩১১8,ঢাকা মেট্রো-গ ৩৫৩১১৪,ঢাকা মেট্রো গ ৩৫৩১১৪,,,,,,
car-3072_jpg.rf.aa7c305415c0ed3d599c251b2ac41706.jpg,ঢাকা মেট্রো গ ১৫-৪৬৬৩,ঢাকা মেট্রো-গ ১৫৪৬৬৩,ঢাকা মেট্রো গ ১৫-৪৬৬৩,,,,,,
car-3067_jpg.rf.4bb60e75da5be3ef0d986ebd062a9940.jpg,ঢাকা মেট্রেো- গ ২১৭৯০৫১,ঢাকা মেট্রো-গ ২১৯০৫১,ঢাকা মেট্রো-গ ২১-৯০৫১,,,,,,
car-3075_jpg.rf.27d600ebf8e0636c567e1f89df21305f.jpg,ঢাকা মেট্রো-গ ১৩-৯৩৩৮,ঢাকা মেট্রো-ল ১৩৯৩৩৮,ঢাকা মেট্রো-গ ১৩-৯৩৩৮,,,,,,
car-3078_jpg.rf.9a52df09e3a358366af5dfa5e8ff05af.jpg,ঢাকা মেট্রৌ-গা ২৮-৩৮৯১,ঢাকা মেট্রো-গ ২৮৩৮৯১,ঢাকা মেট্রো-গ ২৮-৩৮৯১,,,,,,
car-3077_jpg.rf.4fa66656373e65f9e8c636ebbd3fe4c9.jpg,ঢাকা মেট্রো গ ৩৫-১৬৬৭,ঢাকা মেট্রো-গ ৩৫১৬৬৭,ঢাকা মেট্রো গ ৩৫-১৬৬৭,,,,,,
car-3080_jpg.rf.8a274aa6935a9e73e445aba878e5eb0c.jpg,ঢাকা মেট্রো-গ ২৬-৭৬৬,ঢাকা মেট্রো-গ ২৬৭৬৬৩,ঢাকা মেট্রো-গ ২৬৭৬৬৩,,,,,,
car-3088_jpg.rf.931fc7fd72534cdf37b30008e7dc226f.jpg,ঢাকা মেট্রো-গ ৩৯৪৩১৪৩,ঢাকা মেট্রো-গ ৩৯৩১৪৩,ঢাকা মেট্রো-গ ৩৯-৩১৪৩,,,,,,
car-3087_jpg.rf.e6019d2c98bcb9090a41c662df0bde7a.jpg,ঢাকা মেট্রো গ ২৬ং০১৩১,ঢাকা মেট্রো-গ ২৬০১৩১,ঢাকা মেট্রো গ ২৬-০১৩১,,,,,,
car-3081_jpg.rf.6c7371d7088bc8577705cc02abc9c2a2.jpg,ঢাকা মেট্রেো $| ২৫-৪৮১৬,ঢাকা মেট্রো-গ ২৫৪৮১৬,ঢাকা মেট্রো-গ ২৫-৪৮১৬,,,,,,
car-3082_jpg.rf.520d5c7655ed18d17642433a2d3eb2d3.jpg,ঢাকা মেট্রৌো-গ ৩৫-১৯৪৩,ঢাকা মেট্রো-গ ৩৫১৯৪৩,ঢাকা মেট্রো-গ ৩৫-১৯৪৩,,,,,,
car-3083_jpg.rf.01123ab2fb51ef3e4b605051a908523e.jpg,ঢাকী ১১-৮৫২৬ মেট্রো ঘ,ঢাকা মেট্রো-ল ১১৮৫২৬,ঢাকা মেট্রো ঘ ১১-৮৫২৬,,,,,,
car-4001_jpg.rf.bcd4fcc5fcc5e5408bd9fdfc614e7a04.jpg,ঢাকা মেট্রো ্গ ২৭ ৯৪৮৫,ঢাকা মেট্রো-গ ২৭৯৪৮৫,ঢাকা মেট্রো-গ ২৭-৯৪৮৫,,,,,,
car-6026_jpg.rf.b420de914b2f3b911aca98787f3fa32d.jpg,ঢাকা মেেট্রো গ ২২-১৮২১,ঢাকা মেট্রো-গ ২২১৮২১,ঢাকা মেট্রো-গ ২২-১৮২১,,,,,,
car-6024_jpg.rf.13ba5802a1b60de8645d1f079ab9704c.jpg,ঢাকা মেট্রো গ ১১ং৩৩৭৬,ঢাকা মেট্রো-গ ১১৩৩৭৬,ঢাকা মেট্রো গ ১১-৩৩৭৬,,,,,,
car-6042_jpg.rf.b3ca521ef0ef692507cc1d70dfdd9c4c.jpg,ঢাকা মেট্রো গ ২১-৭২৫০,ঢাকা মেট্রো-গ ২১৭২৫০,ঢাকা মেট্রো গ ২১-৭২৫০,,,,,,
car-6039_jpg.rf.0d1fbb3eb17386f8420ad280dcdade28.jpg,ঢাকা মেট্রো-গ ২৩:৪৮08,ঢাকা মেট্রো-গ ২৩৪৮০৪,ঢাকা মেট্রো-গ ২৩৪৮০৪,,,,,,
car-6037_jpg.rf.cbcc1288c9e13f22ab2e131870154db5.jpg,মেট্রো-গ ঢাকা ২২-৪০০১,ঢাকা মেট্রো-গ ২২৪০০১,ঢাকা মেট্রো-গ ২২-৪০০১,,,,,,
car-6029_jpg.rf.1ed22e8c8953b4a2444d0d284a9a0edf.jpg,ঢাকা মেট্রো: গ ১২-৮080,ঢাকা মেট্রো-ল ১২৮০৪০,ঢাকা মেট্রো-ল ১২৮০৪০,,,,,,
car-6040_jpg.rf.958039eac7e053fe0d7c20b3251b59c8.jpg,ঢাকা মেট্রো-গ ৩১-২৪৪২,ঢাকা মেট্রো-গ ৩১২৪৪২,ঢাকা মেট্রো-গ ৩১-২৪৪২,,,,,,
car-6031_jpg.rf.53f3fb93c657b9b7d9767b0250dbc854.jpg,ঢাকা মেনেট্রীগ ৩৩-৮9৬;,ঢাকা মেট্রো-গ ৩৩৮৩৬৯,ঢাকা মেট্রো-গ ৩৩৮৩৬৯,,,,,,
car-6054_jpg.rf.d20d88a990475da280fdbe113ea364d6.jpg,ঢাকা মেট্রো-ঘ ১১-৫২৬৫,ঢাকা মেট্রো-ঘ ১১৫২৬৫,ঢাকা মেট্রো-ঘ ১১-৫২৬৫,,,,,,
car-6049_jpg.rf.6d6686cbb67595dcbc1ea8f56500e260.jpg,ঢাকা সে্েট্র্গ ২৭ং১৪৪০,ঢাকা মেট্রো-গ ,ঢাকা মেট্রো-গ ২৭-১৪৪০,,,,,,
car-6044_jpg.rf.bcc63d7a721cf918bb939892e0913dee.jpg,ূয়৩}; ঢাকা মেট্রো-ঘ ১৫ং০৪১৪,ঢাকা -ঘ ১৫০৪১৪,ঢাকা মেট্রো-ঘ ১৫-০৪১৪,,,,,,
car-6043_jpg.rf.706f8450a0af293292423890c6cafe21.jpg,ঢাকা মেট্রোগ ২০-৮৬৫৭,ঢাকা মেট্রো-গ ২০৮৬৫৭,ঢাকা মেট্রো-গ ২০-৮৬৫৭,,,,,,
car-6053_jpg.rf.286a299f0d5f969d650845d9b957764b.jpg,ঢাকা মেট্রো-গ ২২-৪০০১,ঢাকা মেট্রো-গ ২২৪০০১,ঢাকা মেট্রো-গ ২২-৪০০১,,,,,,
car-6047_jpg.rf.fae5dd41b39ec58663011a23e2ec2f7a.jpg,ঢাকা মেট্রো-গ ২৭৪৭৫৮৮,ঢাকা মেট্রো-ল ২৭৭৫৮৮,ঢাকা মেট্রো-গ ২৭-৭৫৮৮,,,,,,
car-6055_jpg.rf.02fe7e7d35c883d4ba2bce4ca0ed04a7.jpg,ঢাকা গ মেট্রো- ২২-৪০০১,ঢাকা মেট্রো-গ ২২৪০০১,ঢাকা মেট্রো-গ ২২-৪০০১,,,,,,
car-6063_jpg.rf.2a43db9d6e07932894681f3e15fdcf9e.jpg,ঢাকা মেট্রো- গ ৩৩-৮৭১৭,ঢাকা মেট্রো-গ ৩৩৮৭১৭,ঢাকা মেট্রো-গ ৩৩-৮৭১৭,,,,,,
car-6065_jpg.rf.d47857aad0a13b38b33323c88e3480f8.jpg,ঢাকা মেট্রো গ ৩৯-৭২৯৪,ঢাকা মেট্রো-গ ৩৯২২৯৪,ঢাকা মেট্রো গ ৩৯-৭২৯৪,,,,,,
car-6066_jpg.rf.78ebad9c2f5618e53ec29d334c459677.jpg,ঢাকা মেট্রো-গ ২৯-৬৬৬৭,ঢাকা মেট্রো-গ ২৯৬৬৬৭,ঢাকা মেট্রো-গ ২৯-৬৬৬৭,,,,,,
car-6067_jpg.rf.e10de046a8db0770b3909b05c3360134.jpg,ঢাকা মেট্রৌ-গ ৩৭ং২৫৫২,ঢাকা মেট্রো-গ ৩৭২৫৫২,ঢাকা মেট্রো-গ ৩৭-২৫৫২,,,,,,
car-6078_jpg.rf.912f374593f22ebf1cb2cdcefe787aa6.jpg,ঢাকা মেট্রো-গ ৩১-২৪৪২,ঢাকা মেট্রো-গ ৩১২৪৪২,ঢাকা মেট্রো-গ ৩১-২৪৪২,,,,,,
car-6069_jpg.rf.39a75a2d11221ac64448da4795a16b5e.jpg,ঢাকা মেট্রো ১১৪৮৫৯১,ঢাকা মেট্রো-ঘ ১১৮৫৯১,ঢাকা মেট্রো-ঘ ১১-৮৫৯১,,,,,,
car-6070_jpg.rf.7cb6148187d0045d4c2f2e35ce9daf61.jpg,ঢাকা মেট্রো-চ ১৯৪৫১৯৬,ঢাকা মেট্রো-ট ১৯৫১১৬,ঢাকা মেট্রো-চ ১৯-৫১৯৬,,,,,,
car-6084_jpg.rf.8dd090b0577d23b39fb52504b340d394.jpg,ঢাকা মেট্রেো-গ ৩৭-00২২,ঢাকা মেট্রো-গ ৩৭০০২২,ঢাকা মেট্রো-গ ৩৭০০২২,,,,,,
car-6073_jpg.rf.ec3ece3f1e67780352ada0ea92d363d0.jpg,ঢাকা মেট্রো-গ ২৩-৬২৭২,ঢাকা মেট্রো-গ ২৩৬২৭২,ঢাকা মেট্রো-গ ২৩-৬২৭২,,,,,,
car-6082_jpg.rf.ad9f48de9d30ed95df7eef04e316e3ee.jpg,ঢাকা মেেট্রো: ১৩-৫০৯৩,ঢাকা মেট্রো-ঘ ১৩৫০৯৩,ঢাকা মেট্রো-ঘ ১৩-৫০৯৩,,,,,,
car-6080_jpg.rf.26f2091661b6500347ca3bc73ceed474.jpg,মেট্টরো গ ঢাকা ২২-৮০১৮,ঢাকা মেট্রো-গ ২২৮০১৮,ঢাকা মেট্রো-গ ২২-৮০১৮,,,,,,
car-6079_jpg.rf.ac9870650385fae467588dbe166abbd6.jpg,ঢাকা মেেট্রো-ঘ ১৩-৯২৬৮,ঢাকা মেট্রো-ঘ ১৩৯২৬৮,ঢাকা মেট্রো-ঘ ১৩-৯২৬৮,,,,,,
car-6068_jpg.rf.a46d2dac65c68a540ad5348c70869428.jpg,ঢাকা মেটো-ঘ ১৩-৬০ 0,ঢাকা মেট্রো-ঘ ১৩৬০৭০,ঢাকা মেট্রো-ঘ ১৩৬০৭০,,,,,,
car-6087_jpg.rf.5ff1bbcb588e691ef2e4cb0a02d4d372.jpg,ঢাকা মেট্রো গ ৩১-৫৭৯৪,ঢাকা মেট্রো-গ ৩১৫৭৯৪,ঢাকা মেট্রো গ ৩১-৫৭৯৪,,,,,,
car-6096_jpg.rf.7cf5425342240685e2ff68a9a589dc4b.jpg,ঢাকা মেেট্রো-গ ৩৩-০৫১০,ঢাকা মেট্রো-গ ৩৩০৫১০,ঢাকা মেট্রো-গ ৩৩-০৫১০,,,,,,
car-6086_jpg.rf.c17500c7bfe819b87a7b9e835da725e4.jpg,ঢাকা মেট্রৌগ ২৬ং৭৬৬৩,ঢাকা মেট্রো-গ ২৬৭৬৬৩,ঢাকা মেট্রো-গ ২৬-৭৬৬৩,,,,,,
car-6094_jpg.rf.51bf3fe8852278d48d93eec94e2f1872.jpg,ঢাকা মেট্রো- গ ১৭-০৬২৫,ঢাকা মেট্রো-গ ১৭০৬২৫,ঢাকা মেট্রো-গ ১৭-০৬২৫,,,,,,
car-6091_jpg.rf.6cc26149fbe05499124e599668fa4034.jpg,ঢাকা মেট্রো-গ ১৪-৭১৬৮,ঢাকা মেট্রো-গ ১৪৭১৬৮,ঢাকা মেট্রো-গ ১৪-৭১৬৮,,,,,,
car-6093_jpg.rf.b0b56b64a6dcf5d4dea46ade1991ff54.jpg,ঢাকা মেট্রো- গ ১৯-৯১১৯,ঢাকা মেট্রো-গ ১৯৯১১৯,ঢাকা মেট্রো-গ ১৯-৯১১৯,,,,,,
car-6095_jpg.rf.6d874d5c9bbb0ea1828f7e9bf58674bf.jpg,ঢাকা মেট্রা গ ২১৪৪৯৩৫,ঢাকা মেট্রো-গ ২১৪৯৩৫,ঢাকা মেট্রো-গ ২১-৪৯৩৫,,,,,,
car-6107_jpg.rf.90d94499525a97726e2efc5b8f2e1c6c.jpg,ঢাকা মেট্রো গ ৩৭৪২৬০৫,ঢাকা মেট্রো-গ ৩৭২৬০৫,ঢাকা মেট্রো গ ৩৭-২৬০৫,,,,,,
car-6104_jpg.rf.8724ab7b967b5b038c9037c69243c035.jpg,ঢাকা মেেট্রো গ ২০-৮৫৬২,ঢাকা মেট্রো-গ ২০৮৫৬২,ঢাকা মেট্রো-গ ২০-৮৫৬২,,,,,,
car-6108_jpg.rf.e76395c444d1c89c5e4a79d5f481f8c8.jpg,ঢাকা মেট্রৌ-গ ৩৫-৮৯৭৬,ঢাকা মেট্রো-গ ৩৫৮৯৭৬,ঢাকা মেট্রো-গ ৩৫-৮৯৭৬,,,,,,
car-6106_jpg.rf.bf54ea2ee5ad0179eedc4a4c91cca886.jpg,ঢাকা মেট্রো-গ ২০-৮৫৬২,ঢাকা মেট্রো-গ ২০৮৫৬২,ঢাকা মেট্রো-গ ২০-৮৫৬২,,,,,,
car-6101_jpg.rf.89bc0ec3dad90a8da2b6c2acce67c6e5.jpg,ঢাকা মেট্রো- গ ৩৫-১৬৮১,ঢাকা মেট্রো-গ ৩৫১৬৮১,ঢাকা মেট্রো-গ ৩৫-১৬৮১,,,,,,
car-6119_jpg.rf.c3a0e3123f8f4b38d09b925a45ee2b5c.jpg,ঢাকা মেট্রো্গ ৩২-৩৭৮৮,ঢাকা মেট্রো-গ ৩২৩৭৮৮,ঢাকা মেট্রো-গ ৩২-৩৭৮৮,,,,,,
car-6112_jpg.rf.138fd3ce9ef48e0c466bbbfb627a4692.jpg,ঢাকা মেট্রো-গ ৩৩-৯২8,ঢাকা মেট্রো-গ ৩৩৯২৩৪,ঢাকা মেট্রো-গ ৩৩৯২৩৪,,,,,,
car-6116_jpg.rf.170f407b41c4255307a80dc709b91729.jpg,"ঢাকা মেেট্রৌ-গ ৩8-৭৫৫> ####}03#|রঅ৫"",৮শ৫%শ",ঢাকা মেট্রো-গ ৩৪৭৫৫২,ঢাকা মেট্রো-গ ৩৪৭৫৫২,,,,,,
car-6120_jpg.rf.ecaf8a44354ad72d03a0a79e067a65d9.jpg,ঢাক মট্রা গ ৩৫-৪৮২৬,ঢাকা মেট্রো-গ ৩৫৪৮২৬,ঢাকা মেট্রো-গ ৩৫-৪৮২৬,,,,,,
car-6122_jpg.rf.798b7a0186e11b4e68272f1c7cd417f9.jpg,ঢাকা সেট্রাগ ২৩৪৮৩৮১,ঢাকা মেট্রো-গ ২৩৮৩৮১,ঢাকা মেট্রো-গ ২৩-৮৩৮১,,,,,,
car-6123_jpg.rf.0b47c5a3445ce189652aadfa0f6745b1.jpg,ঢাকা মেট্রো গ ২৩-০৮89,ঢাকা মেট্রো-গ ২৩০৮৪৭,ঢাকা মেট্রো গ ২৩০৮৪৭,,,,,,
car-6360_jpg.rf.5406ca0818eb0535d6be09b046d618f7.jpg,ঢাকা মেট্রো-গ ২৬-৮২৯৬,ঢাকা মেট্রো-গ ২৬৮২৯৬,ঢাকা মেট্রো-গ ২৬-৮২৯৬,,,,,,
IMG_20190412_112536_jpg.rf.6f3f5eb80ac4403dceaf77c417495641.jpg,খুলনা মেট্রো-ট ১১-০২৫৯,খুলনা মেট্রো-ট ১১০২৫৯,খুলনা মেট্রো-ট ১১-০২৫৯,,,,,,
IMG_20190413_122335_jpg.rf.44005037392582bb26a87f49e817415d.jpg,ঢাকা' মেট্রো ব ১৮৮৮৮১,ঢাকা মেট্রো-ন ,ঢাকা মেট্রো-ন ,,,,,,
IMG_20190413_122418_jpg.rf.b212c8a01d36a770db5952773255dabd.jpg,ঢা4া চোদো ১৪৮৮৮ >,ঢাকা -ল ,ঢাকা -ল ,,,,,,
IMG_20191220_160350_jpg.rf.2f8f8a3135c5c6f4885ed97d2395d569.jpg,4 খলন মেদর 9019,খুলনা মেট্রো-ট ২৯০০৮২,খুলনা মেট্রো-ট ২৯০০৮২,,,,,,
IMG_20191220_160327_jpg.rf.aa5bc01803d109425bdf138ca159ded3.jpg,খুলন' মেট্রে] ১১:900 ৬,খুলনা মেট্রো-ল ২১০০৮৬,খুলনা মেট্রো-ল ২১০০৮৬,,,,,,
IMG_20191220_160356_jpg.rf.bb864e7e3e2de7d23c6a619cc35adc8c.jpg,খলন মেট্রো | ১১ 0019,খুলনা মেট্রো-ব ,খুলনা মেট্রো-ব ,,,,,,
IMG_20190413_124008_jpg.rf.70a10a1933444da1911ae8328a886094.jpg,খুণ মেট্রোব ১১00৬9,খুলনা মেট্রো-ব ১১০০৬৭,খুলনা মেট্রো-ব ১১০০৬৭,,,,,,
IMG_20190413_124447_jpg.rf.f4b251c300c62b40377b34434daa147f.jpg,ঢাকা ফেট্রো ব ১৫-৪১০৯,ঢাকা মেট্রো-ব ,ঢাকা মেট্রো-ব ১৫-৪১০৯,,,,,,
IMG_20190413_124032_jpg.rf.75c7d3bc8d55fdcaed02526c9c727eb5.jpg,খুলনী মেট্রো-ব ১১-০০৬৭,ঢাকা -ব ২২৬৬৭৮,খুলনা মেট্রো-ব ১১-০০৬৭,,,,,,
IMG_20190413_130156_jpg.rf.e62fabf7ba1e0c3f9faca87a96bf05b1.jpg,ঢীকী স্ট্রো জ্ ১১ ১৮৬৩,ঢাকা মেট্রো-হ ,ঢাকা মেট্রো-হ ১১-১৮৬৩,,,,,,
Navid_212_jpg.rf.bb286f44dd02aea45eb8cd00a942e603.jpg,ঢাকা মেডডট্রী গ ২৫-৮২৭০,ঢাকা মেট্রো-ল ২৫৮২৭০,ঢাকা মেট্রো-ল ২৫-৮২৭০,,,,,,
car-1096_jpg.rf.ad0b03c087a8855065d4631e85ec54a4.jpg,ঢীকা  মেট্রো গ ২৯ ২৫৪৪,ঢাকা মেট্রো-গ ২৯২৫৪৪,ঢাকা মেট্রো গ ২৯-২৫৪৪,,,,,,
car-1004_jpg.rf.4bd9c40ec485a75715807a92addc70f2.jpg,ঢাকা মেট্রো ১১-২৫৪৩,ঢাকা মেট্রো-ঘ ১১২৫৪৩,ঢাকা মেট্রো-ঘ ১১-২৫৪৩,,,,,,
car-1040_jpg.rf.bd94c0f67819c00582ba94dd09a216b8.jpg,ঢাকা মেট্রো গ ২০ং8888,ঢাকা মেট্রো-গ ২০৪৪৪৪,ঢাকা মেট্রো গ ২০৪৪৪৪,,,,,,
car-2057_jpg.rf.123f01cc6c9b8eed8f77a497774df982.jpg,|মেট্রো গ ঢাকা ৩৫804৯0,ঢাকা মেট্রো-গ ৩৫০৭৯০,ঢাকা মেট্রো গ ৩৫০৭৯০,,,,,,
car-1053_jpg.rf.ab4f4ba15377832adea2d94041226d77.jpg,ঢা] মেেট্রো: ১৭-৬৬২৪,ঢাকা মেট্রো-গ ১৭৬৬২৪,ঢাকা মেট্রো-গ ১৭-৬৬২৪,,,,,,
car-1048_jpg.rf.9c3367771394368a1d2625ba37bf6547.jpg,ঢম নেঢ্রো? ২৫-১৮৩৭,ঢাকা মেট্রো-গ ২৫১৮৩৭,ঢাকা মেট্রো-গ ২৫-১৮৩৭,,,,,,
car-2022_jpg.rf.5b3e882594fd63b0d594e2ef3a45398a.jpg,ঢাকা মেট্রৌো-গ ৩৯-৫৬৮০,ঢাকা মেট্রো-গ ৩৯৫৬৮০,ঢাকা মেট্রো-গ ৩৯-৫৬৮০,,,,,,
car-1021_jpg.rf.47d017ef12405b953faac1a8dad8ba56.jpg,গ ঢাকা মেট্রো ২৩-৬২৭২,চট্ট মেট্রো-গ ২৩৬২৭২,ঢাকা মেট্রো-গ ২৩-৬২৭২,,,,,,
car-1085_jpg.rf.45051a39169daf54bffc882c9221e897.jpg,ঢাকা মেট্রো- ১১-৪৯০৬,ঢাকা মেট্রো-ল ১১৪৯০৬,ঢাকা মেট্রো-ল ১১-৪৯০৬,,,,,,
car-1071_jpg.rf.fe5828be473a7946f3229f6f2a60d642.jpg,ঢাকা মেট্রো গ ১৫-১৯৩৯,ঢাকা মেট্রো-গ ১০৫১৯৩,ঢাকা মেট্রো গ ১৫-১৯৩৯,,,,,,
car-3193_jpg.rf.ccd32bdf4680edd1a7841f51bfa83db9.jpg,ঢাঁকা মেট্রো-গ ২৮-২৭৯০,ঢাকা মেট্রো-গ ২৮২৭৯০,ঢাকা মেট্রো-গ ২৮-২৭৯০,,,,,,
car-5066_jpg.rf.4ebac5725152e5854f26da0ce194c8a2.jpg,মেট্রৌ; ঢাকা ২০ ৯৬৬৪,ঢাকা মেট্রো-গ ২০৯৬৬৪,ঢাকা মেট্রো-গ ২০-৯৬৬৪,,,,,,
car-3041_jpg.rf.e3cf67dec8dc7aafaf5d16fbb25dac46.jpg,ঢাকা মেট্রো-গ] ৩২-৩৭৮,ঢাকা মেট্রো-গ ৩২৩৭৮৩,ঢাকা মেট্রো-গ ৩২৩৭৮৩,,,,,,
car-6062_jpg.rf.473bd98ee2bf3bbd3641f787d354a6d5.jpg,ঢাকা মেট্রো-গ ১৩-৪৬8৭,ঢাকা মেট্রো-গ ১৩৪৬৪৭,ঢাকা মেট্রো-গ ১৩৪৬৪৭,,,,,,
car-3019_jpg.rf.b38cdd8ae2364bf4060b832d17876fc7.jpg,ঢ|শ1 মেট্র' ৭ ১৫-৪৬৬৩,ঢাকা মেট্রো-গ ১৫৪৬৬৩,ঢাকা মেট্রো-গ ১৫-৪৬৬৩,,,,,,
car-6081_jpg.rf.182150560bff19ca49f2937d23d67f7c.jpg,ঢাকা মেট্রো-ক ১১৪৬০০,ঢাকা মেট্রো-ক ১১৪৬০০,ঢাকা মেট্রো-ক ১১৪৬০০,,,,,,
car-6075_jpg.rf.c10a2dfeec0864cc11c0dec698b8e406.jpg,ঢাকা মেট্রৌ-গ ১৭ং২৬৫৫,ঢাকা মেট্রো-গ ১৭২৬৫৫,ঢাকা মেট্রো-গ ১৭-২৬৫৫,,,,,,
car-6197_jpg.rf.d1d75a32583f7adf2264bf2bfbd418b2.jpg,চট্ট মেট্রী গ ১১৪৬৫৩৫,চট্ট মেট্রো-গ ১১৬৫৩৫,চট্ট মেট্রো-গ ১১-৬৫৩৫,,,,,,
car-6185_jpg.rf.9d670ecab9e0c90bc413536e012ef113.jpg,ঢাকা মেট্রো গ ৩৫-৫৫১৯,ঢাকা মেট্রো-গ ৩৫৫৫১৯,ঢাকা মেট্রো গ ৩৫-৫৫১৯,,,,,,
car-3256_jpg.rf.57148cc471a86126dff2e0e1d4a448c1.jpg,ঢাকা মেট্রো-খ ১২-৩৩৩৬,ঢাকা মেট্রো-খ ১২৩৩৩৬,ঢাকা মেট্রো-খ ১২-৩৩৩৬,,,,,,
car-3272_jpg.rf.2681f9dbef277803116c0d88301fc585.jpg,ঢাকা মেট্রো গ ২৬-০১৩১,ঢাকা মেট্রো-গ ২৬০১৩১,ঢাকা মেট্রো গ ২৬-০১৩১,,,,,,
car-3237_jpg.rf.89ef74ca12010eb1a4773247af2759b9.jpg,ঢাকা মেেট্রো গ ৩৯-২৮০৭,ঢাকা মেট্রো-গ ৩৯২৮০৭,ঢাকা মেট্রো-গ ৩৯-২৮০৭,,,,,,
car-6089_jpg.rf.8814591f76a80f821d38087e87b23c83.jpg,ঢাক্া মেেট্রে' - গ ৩১২৫২০৯,ঢাকা মেট্রো-গ ৩১৫২০৯,ঢাকা মেট্রো-গ ৩১-৫২০৯,,,,,,
car-4011_jpg.rf.c6bc0f8897c022004799c7035d3acece.jpg,ঢাকা মেট্রো-গ ২৯-৬৬৬৭,ঢাকা মেট্রো-গ ২৯৬৬৬৭,ঢাকা মেট্রো-গ ২৯-৬৬৬৭,,,,,,
car-6171_jpg.rf.4312f63a0653b8ddac0d09d837f6c4e4.jpg,ঢাকী মেট্রো- গ ৩১৪২৭8৬,ঢাকা মেট্রো-গ ৩১২৭৪৬,ঢাকা মেট্রো-গ ৩১২৭৪৬,,,,,,
car-6180_jpg.rf.6915d70ddc64e97fc13e2efeb5cf4ea5.jpg,ঢাকা মেট্রেো ২১-৯৭৭৯,ঢাকা মেট্রো-গ ২১৯৭৭৯,ঢাকা মেট্রো-গ ২১-৯৭৭৯,,,,,,
car-3115_jpg.rf.c054f09c9e0e133ad42e307082969ea0.jpg,ঢাকা মেট্রো-গ ৩৩৮৭১৭,ঢাকা মেট্রো-গ ৩৩৮৭১৭,ঢাকা মেট্রো-গ ৩৩৮৭১৭,,,,,,
car-6156_jpg.rf.9ca4f845ab2d7111e4701fc6887fd255.jpg,ঢাকা মেনট্রা-গ ৩-৮৫২৮,ঢাকা মেট্রো-গ ১৩৮৫২৮,ঢাকা মেট্রো-গ ১৩৮৫২৮,,,,,,
car-3248_jpg.rf.64ceee3ddddb3337b192050543d64b15.jpg,চট্ট মেট্রো গ ১১-৯০৭৭,চট্ট মেট্রো-গ ১১৯০৭৭,চট্ট মেট্রো গ ১১-৯০৭৭,,,,,,
car-3267_jpg.rf.882d3a49384ca86a2939e2a141634087.jpg,ঢাকা মেট্রো গ ৫-৪৮২৬,ঢাকা মেট্রো-গ ৩৫৪৮২৬,ঢাকা মেট্রো গ ৩৫৪৮২৬,,,,,,
car-5074_jpg.rf.6239f6346b42137c68157f996b66d56d.jpg,5| মেট্রো ঢাকা  ১৭-৬৬৪১,ঢাকা মেট্রো-গ ১৭৬৬৪১,ঢাকা মেট্রো ঢ ১৭-৬৬৪১,,,,,,
car-6052_jpg.rf.59715c9265b42895d137b7ead5eb5807.jpg,ঢাকা মেট্রো-ভ ১১-১৫৬৪,ঢাকা মেট্রো-গ ১১১৫৬৪,ঢাকা মেট্রো-গ ১১-১৫৬৪,,,,,,
car-3264_jpg.rf.6d8a649f374adc2786dc85728468a793.jpg,ঢাকা মেট্রো-গ ১৪-৬৯০২,ঢাকা মেট্রো-গ ১৪৬৯০২,ঢাকা মেট্রো-গ ১৪-৬৯০২,,,,,,
car-2079_jpg.rf.0ae3b87b34edfa173bfd703d150cbb42.jpg,মেট্রোগ ১৩০৯২৫৩ ঢাকা,ঢাকা মেট্রো-গ ১৩৯২৫৩,ঢাকা মেট্রো-গ ১৩-৯২৫৩,,,,,,
car-5087_jpg.rf.1b06d904054634f73246ca8c70a4d262.jpg,মেট্রো গ ঢাকা ৩১৪২৪৪২,ঢাকা মেট্রো-গ ৩১২৪৪২,ঢাকা মেট্রো গ ৩১-২৪৪২,,,,,,
car-3275_jpg.rf.e4671409d3489f1ca6708bb80dab98ac.jpg,ঢাকা মেেট্রো্গ ২৭৪৮৬8৩,ঢাকা মেট্রো-গ ২৭৮৬৪৩,ঢাকা মেট্রো-গ ২৭৮৬৪৩,,,,,,
car-3310_jpg.rf.0b635215631d5e5cff2ef6450645211a.jpg,ঢাকা মেট্রো-খ ১২-৬৩২৪,ঢাকা মেট্রো-খ ১২৬৩২৪,ঢাকা মেট্রো-খ ১২-৬৩২৪,,,,,,
car-5032_jpg.rf.67c4b8c9774c909554da78dad128d336.jpg,মেট্রো-গ ঢাকা ২২৪৮০১৮,ঢাকা মেট্রো-গ ২২৮০১৮,ঢাকা মেট্রো-গ ২২-৮০১৮,,,,,,
car-6192_jpg.rf.b17b6c9fe77dc21ae7efd31b0da299fc.jpg,ঢাকা মেট্রো গ ১১-৪৬০৭,ঢাকা মেট্রো-ল ১১৪৬০৭,ঢাকা মেট্রো গ ১১-৪৬০৭,,,,,,
car-3005_jpg.rf.e76b462a0af34bb46a01ddd43b9bf3ae.jpg,ঢাকা যেট্টরো গ ২২-৫৬৫০,ঢাকা মেট্রো-গ ২২৫৬৫০,ঢাকা মেট্রো-গ ২২-৫৬৫০,,,,,,
car-6154_jpg.rf.3c4e73ce28f241b45cd19e7e384ff2d4.jpg,ঢাকা মেট্রো-গ ২৮০৪৩৬১,ঢাকা মেট্রো-গ ২৮৪৩৬১,ঢাকা মেট্রো-গ ২৮-৪৩৬১,,,,,,
car-6072_jpg.rf.e27cb2055a1efbbffe1ae981cbf190aa.jpg,ঢাক্া যেেট্রো ১১-৮৯৩৭,ঢাকা মেট্রো-ঘ ১১৮৯৩৭,ঢাকা মেট্রো-ঘ ১১-৮৯৩৭,,,,,,
car-6203_jpg.rf.c6c48acb6a433715389e2514720f41ab.jpg,ঢাকা মেট্রো-গ ১৯-৩৫০৮,ঢাকা মেট্রো-গ ১৯৩৫০৮,ঢাকা মেট্রো-গ ১৯-৩৫০৮,,,,,,
car-6327_jpg.rf.9d7cc0234bcde93400c19d065e071c35.jpg,ঢাকা মেট্রো-গ ১৪-১১০৬,ঢাকা মেট্রো-গ ১৪১১০৬,ঢাকা মেট্রো-গ ১৪-১১০৬,,,,,,
car-6362_jpg.rf.b917599d8cd6be82c7dda84c87e3aef5.jpg,ঢাকা মেট্রো ক ১১-৪৬০9,ঢাকা মেট্রো-ক ১১৪৬০০,ঢাকা মেট্রো ক ১১৪৬০০,,,,,,
car-6227_jpg.rf.b685769046fdda17021b8b1e1f74471a.jpg,ঢাকা মেট্রো-গ ৩৫-১২১২,ঢাকা মেট্রো-গ ৩৫১২১২,ঢাকা মেট্রো-গ ৩৫-১২১২,,,,,,
car-6204_jpg.rf.dd2db95ccbd82d66b502bd40b07bdfaf.jpg,ঢাকা মে-ট্রা 5| ১৯-১৮৬২,ঢাকা মেট্রো-গ ১৯১৮৬২,ঢাকা মেট্রো-গ ১৯-১৮৬২,,,,,,
21_jpg.rf.15d9066503e94af647dd07dd06343da7.jpg,ঢাকা মেট্রো-গ ২৯-১৩৯২,ঢাকা মেট্রো-গ ২৯১৩৯২,ঢাকা মেট্রো-গ ২৯-১৩৯২,,,,,,
22_jpg.rf.dfb72469455dbe2b9d4d90b01297378c.jpg,ঢাকা মেট্রো-ঘ ২১-০৪৫৪,ঢাকা মেট্রো-ঘ ২১০৪৫৪,ঢাকা মেট্রো-ঘ ২১-০৪৫৪,,,,,,
84_jpg.rf.89f29ea69d55e89ea1e9fc2089ce2d29.jpg,ঢাঙো মেটে ১১ ৫ 9880,ঢাকা মেট্রো-ব ২৫৩৪৪৫,ঢাকা মেট্রো-ব ২৫৩৪৪৫,,,,,,
78_jpg.rf.8811e9ad8e22ae4b612f831b65afbf71.jpg,ঢাকা মেডৌন ১৭-১০১২,ঢাকা মেট্রো-ল ১৭০১২১,ঢাকা মেট্রো-ল ১৭-১০১২,,,,,,
107-jpg_jpg.rf.0bd72c53587d1d2ebc1eabf6b9c62eed.jpg,ঢাকা মেট্রো-ব ১৫-৪৩৯৯,ঢাকা মেট্রো-ব ১৫৪৩৯৯,ঢাকা মেট্রো-ব ১৫-৪৩৯৯,,,,,,
42_jpg.rf.0c773f86236ef2ef191befec7bdb4e26.jpg,নরসিংদী-ম ১১-০০৩১,ঢাকা মেট্রো-ন ১১০০৩১,ঢাকা মেট্রো-ন ১১-০০৩১,,,,,,
53_jpg.rf.5882eb660c41c56edac5e5956a64671b.jpg,মেট্রো-ট ঢাকা ১১ঃ৭0৬৭,ঢাকা মেট্রো-ট ২০৭০৬৭,ঢাকা মেট্রো-ট ২০৭০৬৭,,,,,,
IMG-42_jpg.rf.ef0bbb8eaebd4b355ea8331368e675fc.jpg,ঢাকা মেটো 0 ১@ ১১ >৮,ঢাকা -গ ২২২৮২২,ঢাকা -গ ২২২৮২২,,,,,,
116-jpg_jpg.rf.91410789435f1e5e745bd54e8f4dd6dc.jpg,ঢাকা ম্ট্রো গ ১৭-৯৬১৫,ঢাকা মেট্রো-গ ১৭৯৬১৫,ঢাকা মেট্রো-গ ১৭-৯৬১৫,,,,,,
IMG-41_jpg.rf.12bda3373c87087eb7d36a7402e426e5.jpg,ঢাকা মে ৮ ১৯-১৮৯৪,ঢাকা মেট্রো-চ ১৯১৮৯৪,ঢাকা মেট্রো-চ ১৯-১৮৯৪,,,,,,
66_jpg.rf.36b6c969597d5f3581b02b00d46edbbd.jpg,ঢাকা মেট্রো-জ ১১-২৬৮১,ঢাকা মেট্রো-ল ১১২৬৮১,ঢাকা মেট্রো-জ ১১-২৬৮১,,,,,,
128-jpg_jpg.rf.cd72417bacbeebf4834429af6d76f740.jpg,ঢাক মেেট্রো-গ ২৩-৭৮৪৯,ঢাকা মেট্রো-গ ২৩৭৮৪৯,ঢাকা মেট্রো-গ ২৩-৭৮৪৯,,,,,,
124-jpg_jpg.rf.1d3e65237fd33ad12adae46a257ad329.jpg,ঢাকা:গ ১১-০০৪১|,ঢাকা মেট্রো-গ ০১০০৪১,ঢাকা মেট্রো-গ ০১০০৪১,,,,,,
70_jpg.rf.ce0dcee67de8448b14ca8c2ecd60751a.jpg,ঢাকা মেট্রো-চ ১৪-১২৫৫,ঢাকা মেট্রো-চ ১৪১২৫৫,ঢাকা মেট্রো-চ ১৪-১২৫৫,,,,,,
IMG-28_jpg.rf.37c68d2b64bee550a06b2e5fe7031fdf.jpg,ঢাকা মেট্রো-চ ৫১-৯৭৩৭,ঢাকা মেট্রো-চ ৫১৯৭৩৭,ঢাকা মেট্রো-চ ৫১-৯৭৩৭,,,,,,
140-jpg_jpg.rf.972d838d09201c3349a0e494d8554ea9.jpg,ঢাকা মেট্রো 5{ ২৫-২৯১৩,ঢাকা মেট্রো-গ ২৫২৯১৩,ঢাকা মেট্রো-গ ২৫-২৯১৩,,,,,,
51_jpg.rf.242d553637ee7054ffa6734d5b78b560.jpg,5[ মেেট্টা- ৩৫২৫৫ ঢাকা,ঢাকা মেট্রো-গ ৩৫০৫৭৫,ঢাকা মেট্রো-গ ৩৫০৫৭৫,,,,,,
111-jpg_jpg.rf.bc1fc501326353b62f284a55549cbbf5.jpg,চাকামেে ২০-২৩২৩,খুলনা মেট্রো-ল ২০০২৩৬,খুলনা মেট্রো-ল ২০-২৩২৩,,,,,,
IMG-35_jpg.rf.2e90107b858862badee70ab61a6ccc3b.jpg,ঢাকা মেট্রেো চ ৬৪২৪৫৬,ঢাকা মেট্রো-চ ১২৪৫৫৬,ঢাকা মেট্রো-চ ১২৪৫৫৬,,,,,,
103-jpg_jpg.rf.9c1d5164f6bc421407a52093200a4da9.jpg,মেট্রো ঢাম ৪৩-৪৫৮8,ঢাকা মেট্রো-গ ৪৩৪৫৮৪,ঢাকা মেট্রো ঢ ৪৩৪৫৮৪,,,,,,
26_jpg.rf.c79be2035ec41d20369468bfbadd4825.jpg,ঢব েন্রী্গ ২০-৩৫9৬,ঢাকা মেট্রো-গ ২০৩৫৩৬,ঢাকা মেট্রো-গ ২০৩৫৩৬,,,,,,
77_jpg.rf.0adbe1c36166bc22b716145d318e6e2e.jpg,ঢাকা মেট্রো-চ ১১৭৫৫৭৮,ঢাকা মেট্রো-চ ১১৫৫৭৮,ঢাকা মেট্রো-চ ১১-৫৫৭৮,,,,,,
IMG-24_jpg.rf.7e4f8e5cfe06ca81a60ea05a0fbd9c27.jpg,ঢাকা চ ১১-৭৩৮৬ মেেট্রো,ঢাকা মেট্রো-চ ২১১৭৮৬,ঢাকা মেট্রো-চ ১১-৭৩৮৬,,,,,,
91_jpg.rf.89a8435ef59b2ea870a370a4629c70f6.jpg,ঢাকা ২২-৭০৬৭ মেট্রো-ট,ঢাকা মেট্রো-ট ২০৭০৬৭,ঢাকা মেট্রো-ট ২২-৭০৬৭,,,,,,
150-jpg_jpg.rf.9b809e19920f5a6b444778cbe08f24af.jpg,ঢাকা মেট্রো- হ ৬৭ ১০২ 0015535973 9) 8হড়^20,ঢাকা মেট্রো-হ ৬৭৩১০২,ঢাকা মেট্রো-হ ৬৭৩১০২,,,,,,
IMG-39_jpg.rf.b6fb3162badc921983ac647d8017b385.jpg,ঢাকা মেট্রো-গ ১৪৪৮৬৫২ 891/13 0001106905,ঢাকা মেট্রো-গ ১৪৮৬৫২,ঢাকা মেট্রো-গ ১৪-৮৬৫২,,,,,,
76_jpg.rf.3e6c182a53f2977e91ae2066bc393c47.jpg,ঢ[কা (৫ো: 9 ৩৩-২৮৯৭,ঢাকা মেট্রো-ল ৩২৮৯৯৭,ঢাকা মেট্রো-ল ৩৩-২৮৯৭,,,,,,
138-jpg_jpg.rf.f3c850b2fe4aa28b5f3a3043316f2e7b.jpg,ঢাকা ০> চো ক 0৩- 88 গ` ((,ঢাকা মেট্রো-ল ০৩৯১৪৪,ঢাকা মেট্রো-ল ০৩৯১৪৪,,,,,,
155-jpg_jpg.rf.cfb7b77d29049e16c331317a23547b6a.jpg,ঢাকা মেড্রেৌ গ ৪৫-১৫৩৭,ঢাকা মেট্রো-গ ৪৫১৫৩৭,ঢাকা মেট্রো-গ ৪৫-১৫৩৭,,,,,,
IMG-14_jpg.rf.6c379b5a1602054f3fd90dd3b3ff457a.jpg,ট্রা 9| ২১ ঢাক -৩১৫১ 0000915 09141?,ঢাকা মেট্রো-গ ২১৩১৫১,ঢাকা মেট্রো-গ ২১৩১৫১,,,,,,
IMG-32_jpg.rf.480cf99ee3b3a4eddbb32f3d4f5ee61d.jpg,ঢাকা ৮ ১৯৭ 10 ৯৫ মেট্রো- ০৯,ঢাকা মেট্রো-চ ১৯০৯০৯,ঢাকা মেট্রো-চ ১৯০৯০৯,,,,,,
IMG-19_jpg.rf.8d3d921ebe58146d7b116daeb48afc3a.jpg,ঢাকা মেট্রো ^_ 5| ২৩৭১৪৭২ 8{121? 0900001778,ঢাকা মেট্রো-ঢ ২৩১৪৭২,ঢাকা মেট্রো-ঢ ২৩-১৪৭২,,,,,,
IMG-33_jpg.rf.30579bf3a87a424ac54acbdec2414807.jpg,মেট্রো- ১ ঢাকা ১৯-৪৯৯৩,ঢাকা মেট্রো-চ ১৯৪৯৯৩,ঢাকা মেট্রো-চ ১৯-৪৯৯৩,,,,,,
IMG-45_jpg.rf.34c2692d7bc989cc21fa506fa8fd021e.jpg,ঢাকা মেট্রো চ 417 00135 9 ১৯-৪৯০১ &হ,ঢাকা মেট্রো-চ ১৯৪৯৯৩,ঢাকা মেট্রো চ ১৯-৪৯০১,,,,,,
123-jpg_jpg.rf.d83cdcf7350a1438277e5c1154f815ae.jpg,ঢাকা মেট্রোন ১৭-৭৯০৭,ঢাকা মেট্রো-ন ১৭৭৯০৭,ঢাকা মেট্রো-ন ১৭-৭৯০৭,,,,,,
33_jpg.rf.a2b016ffb208e713d416e58c09491772.jpg,ঢাকা ১১-২১৯২ মেট্রো- ভ,ঢাকা মেট্রো-খ ১১২১৯২,ঢাকা মেট্রো-খ ১১-২১৯২,,,,,,
126-jpg_jpg.rf.fc6cd630ae9672be2526c9bfb69e5318.jpg,ঢাকা-গ ১১৪০০৪৮,ঢাকা মেট্রো-গ ১১০০৪৮,ঢাকা মেট্রো-গ ১১-০০৪৮,,,,,,
139-jpg_jpg.rf.4f309da9a15608149069aaac5680b76b.jpg,ঢাকা মেট্রো: গ ২২-৮৭০৬,ঢাকা মেট্রো-গ ২২৮৭০৬,ঢাকা মেট্রো-গ ২২-৮৭০৬,,,,,,
IMG-36_jpg.rf.ee7e1356510268d060ed83972d39829a.jpg,মেট্রৌ ৮ ঢাকা ৫৪-১৪২০,ঢাকা মেট্রো-চ ৫৪১৪২০,ঢাকা মেট্রো-চ ৫৪-১৪২০,,,,,,
35_jpg.rf.f7c135ed95e0c3eaf2f6ecdb7695ea5c.jpg,ঢাকা মেট্রো-ব ১ ৪-88৩৯,ঢাকা মেট্রো-ব ১৪৪৪৩৯,ঢাকা মেট্রো-ব ১৪৪৪৩৯,,,,,,
62_jpg.rf.beb09986e8dfc6f417bfecc8554ed2cb.jpg,ডক ড়ৌো < 3=3,খুলনা মেট্রো-ল ৪২৬০৮২,খুলনা মেট্রো-ল ৪২৬০৮২,,,,,,
40_jpg.rf.892fb86596219c953018d435a38094c0.jpg,ঢাকা মেট্রো-ট ১১-৯৫৬৬,ঢাকা মেট্রো-ট ১১৯৫৬৬,ঢাকা মেট্রো-ট ১১-৯৫৬৬,,,,,,
100_jpg.rf.9e852e255f8915c69578827c555839ad.jpg,ঢাকা মেট্রোন ২০-২৮২৬,ঢাকা মেট্রো-ন ২০২৮২৬,ঢাকা মেট্রো-ন ২০-২৮২৬,,,,,,
41_jpg.rf.4c3be18e5c2188b895bda762ae4015b9.jpg,ঢাক মেট্রোন ১৫-৭৩০১,ঢাকা মেট্রো-ন ১৫৭৩০১,ঢাকা মেট্রো-ন ১৫-৭৩০১,,,,,,
63_jpg.rf.566d3b8a7db0b717c780d2ba0a194461.jpg,0 নরসিংদী-জ ১১-০০ ৩৬,ঢাকা মেট্রো-ল ১১০০৩৬,ঢাকা মেট্রো-ল ১১০০৩৬,,,,,,
Vehicle1717.JPG,ত মেট্রো ঢাকা ১০৯৩ ৫8,ঢাকা মেট্রো-ক ৫৪১০১৩,ঢাকা মেট্রো ঢ ৫৪১০১৩,,,,,,
Vehicle1528.jpeg,বরিশাল মেট্রো- হ ১২-১১৮৬,ঢাকা মেট্রো-হ ১৮২৭৬৮,বরিশাল মেট্রো-হ ১২-১১৮৬,,,,,,
Vehicle1522.jpeg,বরিশাল মেট্রো হ-১২-৯৭৪৩,খুলনা মেট্রো-হ ১২৯৭৪৩,বরিশাল মেট্রো হ ১২৯৭৪৩,,,,,,
Vehicle1534.jpeg,মেট্রী ঢাক ৩৩৪৫৮09,ঢাকা মেট্রো-ল ৩৮৫৮০৭,ঢাকা মেট্রো-ল ৩৮৫৮০৭,,,,,,
Vehicle1524.jpeg,বরিণাস মেট্রো: হ ১২-১৩৩১,ঢাকা মেট্রো-হ ১২১৩৩১,বরিশাল মেট্রো-হ ১২-১৩৩১,,,,,,
Vehicle1563.jpeg,বিলেট খ [১১৪০৩২০,ঢাকা -গ ২২২১৪২,ঢাকা -গ ২২২১৪২,,,,,,
Vehicle1567.jpeg,ঢাকা মেট্রোক ১২৪০০88,ঢাকা মেট্রো-হ ১২০০৪৪,ঢাকা মেট্রো-হ ১২০০৪৪,,,,,,
Vehicle1585.jpeg,ঢাকা মেট্রো-খ ১৩-১২৬৫,ঢাকা মেট্রো-খ ১৩১২৬৫,ঢাকা মেট্রো-খ ১৩-১২৬৫,,,,,,
Vehicle1586.jpeg,ঢাকা মেট্রো-গ ১৫-০৫৬৮,ঢাকা মেট্রো-গ ১৫০৫৬৮,ঢাকা মেট্রো-গ ১৫-০৫৬৮,,,,,,
Vehicle1611.jpeg,ঢাকা মেট্রো- হ ৫৫-৪8১১,ঢাকা মেট্রো-হ ৫৫৪৪১১,ঢাকা মেট্রো-হ ৫৫৪৪১১,,,,,,
Vehicle1721.jpeg,ঢাকা মেট্রো- খ ১১-৮০০৫,ঢাকা মেট্রো-খ ১১৮০০৫,ঢাকা মেট্রো-খ ১১-৮০০৫,,,,,,
Vehicle1745.jpeg,ময়মনসিংহ: ১১-৯৪৪০,ঢাকা -ল ২২৯৪৪০,ময়মনসিংহ -ল ১১-৯৪৪০,,,,,,
Vehicle1748.jpeg,ল ময়মনসিংহ ৯১৪৫ ১১,ঢাকা -ল ১১৯১৪৫,ময়মনসিংহ -ল ১১৯১৪৫,,,,,,
Vehicle1754.jpeg,ময়মনসিংছ: ছ ১৪-৬৬৩০,maimanshing মেট্রো-হ ১৪৬৬৩০,ময়মনসিংহ মেট্রো-হ ১৪-৬৬৩০,,,,,,
Vehicle1755.jpeg,ঢ!কা মমাী: ৩৫-৫ ০৮৭,ঢাকা মেট্রো-ল ৩৫৫০৮৭,মাগুরা মেট্রো-ল ৩৫৫০৮৭,,,,,,
Vehicle1762.jpeg,ময়মনসিংহ- হ |3 ১৫-৪৫৫৫,maimanshing -ল ১৫৪৫৫৫,ময়মনসিংহ -ল ১৫-৪৫৫৫,,,,,,
Vehicle1758.jpeg,ময়মনসিংহ- হ ১৩-৫৬৭১,maimanshing -হ ,ময়মনসিংহ -হ ১৩-৫৬৭১,,,,,,
Vehicle1765.jpeg,হ খাগড়াছড়ি ১১-৬৯৪,খুলনা মেট্রো-হ ১১৬৯৪৩,খুলনা মেট্রো-হ ১১৬৯৪৩,,,,,,
Vehicle1775.jpeg,ত খাগড়াছড়ি: ১১-৪৫৮৪,খুলনা -হ ১১৪৫৮৪,খুলনা -হ ১১-৪৫৮৪,,,,,,
Vehicle1770.jpeg,ঢাকা মেট্রো গ ২০-৫৪৪৮,ঢাকা মেট্রো-গ ২০৫৪৪৮,ঢাকা মেট্রো গ ২০-৫৪৪৮,,,,,,
Vehicle1767.jpeg,চট্ট মেট্রা ৮ ১১-২৬৯,চট্ট মেট্রো-চ ১১২৬৯৩,চট্ট মেট্রো-চ ১১২৬৯৩,,,,,,
Vehicle1822.jpeg,টাংগাইল-ল ১২-৮৫৫০,ঢাকা -ল ১২৮৫৫০,গাইবান্ধা -ল ১২-৮৫৫০,,,,,,
Vehicle1806.jpeg,7840131|818 ঢাকা মেট্রো-ঘ ১১-৪১৮২,ঢাকা মেট্রো-ঘ ১১৪১৮২,ঢাকা মেট্রো-ঘ ১১-৪১৮২,,,,,,
Vehicle1812.jpeg,টা  গাইল: হ ১২-১২৪২,ঢাকা মেট্রো-ল ১২২২৪০,গাইবান্ধা মেট্রো-ল ১২-১২৪২,,,,,,
Vehicle1805.jpeg,বরিশাল মেট্রো- ছ ১২-৯৪৬৮,খুলনা মেট্রো-হ ১২৯৪৬৮,বরিশাল মেট্রো-হ ১২-৯৪৬৮,,,,,,
Vehicle1815.jpeg,টাংগাইল- হ ১৫-৫১৮১,ঢাকা -হ ১৫৫১৮১,গাইবান্ধা -হ ১৫-৫১৮১,,,,,,
Vehicle1818.jpeg,[1.}' .:.দ]' ২১-৬১৮২,ঢাকা মেট্রো-গ ২১৬১৮২,ঢাকা মেট্রো-গ ২১-৬১৮২,,,,,,
Vehicle1879.jpeg,5 নাটোর- ১৩-৪৭২৭,ঢাকা -হ ১২৪৭২৭,নাটোর -হ ১৩-৪৭২৭,,,,,,
Vehicle1841.jpeg,'5 টাংগাইল: ১১-৪ডড৫,ঢাকা -হ ১২৪৬৬৬,গাইবান্ধা -হ ১২৪৬৬৬,,,,,,
Vehicle1896.jpeg,ঢাকা মেট্রো গ ২৬-৮৪৯০,ঢাকা মেট্রো-গ ২৬৮৪৯০,ঢাকা মেট্রো গ ২৬-৮৪৯০,,,,,,
Vehicle1898.jpeg,বগুড়া 5 ১৪-২৫ ৪৫,খুলনা -ব ২১৪২৪৫,বগুড়া -ব ২১৪২৪৫,,,,,,
Vehicle1894.jpeg,ঢাকা মেট্রো-ছ ৭১৩২১৪,ঢাকা মেট্রো-হ ৭১৩২১৪,ঢাকা মেট্রো-হ ৭১৩২১৪,,,,,,
100.jpeg,01! ১৩-০৫৫৫,ঢাকা -গ ১৩০৫৫৫,ঢাকা -গ ১৩-০৫৫৫,,,,,,
10.jpeg,ময়মনসিংহ-ল ১১-৭৪৮১,ঢাকা মেট্রো-ল ১১৭৪৮১,ময়মনসিংহ মেট্রো-ল ১১-৭৪৮১,,,,,,
146.jpeg,5 (7 মেট্টেো ঢাক ২২-৫৮৭৯,ঢাকা মেট্রো-হ ২২২৮৭২,ঢাকা মেট্রো-হ ২২-৫৮৭৯,,,,,,
164.jpeg,2 নাটোর: ১২-৩৪০২,ঢাকা -ব ২৩৪২০২,নাটোর -ব ১২-৩৪০২,,,,,,
166.jpeg,"ঢম"" গগণ6_ ঢাকা মেট্রো- ঘ ১৩-৯৭৩৬",ঢাকা মেট্রো-ঘ ১৩৯৭৩৬,ঢাকা মেট্রো-ঘ ১৩-৯৭৩৬,,,,,,
103.jpeg,5 টা : গাইল: 999৮,ঢাকা -হ ২২২০৬৮,গাইবান্ধা -হ ২২২০৬৮,,,,,,
165.jpeg,ল ১১-১১২৩ বগুড়া-, মেট্রো-ল ১১১১২৩,বগুড়া মেট্রো-ল ১১-১১২৩,,,,,,
163.jpeg,$ যশোর- ১৪-৫৬৩৪,চট্ট মেট্রো-হ ১৪৩৬৩২,যশোর মেট্রো-হ ১৪-৫৬৩৪,,,,,,
160.jpeg,ঢাকা মেট্রো- গ ২৬-৮৪৯০,ঢাকা মেট্রো-গ ২৬৮৪৯০,ঢাকা মেট্রো-গ ২৬-৮৪৯০,,,,,,
129.jpeg,টা  গাইল- হ ১২-৩ত৫,ঢাকা মেট্রো-গ ২৩১২৮৪,গাইবান্ধা মেট্রো-গ ২৩১২৮৪,,,,,,
156.jpeg,"মেদ্রেো"" ঢাকা ৪২-০০9",ঢাকা মেট্রো-হ ২০০০৩২,ঢাকা মেট্রো-হ ২০০০৩২,,,,,,
141.jpeg,নাঢোর ল ১১-০৮৯৪,ঢাকা মেট্রো-ল ১০১০৪২,নাটোর মেট্রো-ল ১১-০৮৯৪,,,,,,
13.jpeg,১৪-৪২২৪,ঢাকা -গ ১৪৪২২৪,ঢাকা -গ ১৪-৪২২৪,,,,,,
161.jpeg,ত মেট্রো- ঢাকা 8৭-৯৮০৬,ঢাকা মেট্রো-হ ৪৭৯৯৬০,ঢাকা মেট্রো-হ ৪৭৯৯৬০,,,,,,
125.jpeg,মেট্রো-ঠ ঢাকা ১১-৬৫০৩,ঢাকা মেট্রো-ঠ ১১৬৫০৩,ঢাকা মেট্রো-ঠ ১১-৬৫০৩,,,,,,
149.jpeg,১১-০৮১ > বগুড়া- ন,ঢাকা মেট্রো-ল ১৫০৬৮১,বগুড়া মেট্রো-ল ১৫০৬৮১,,,,,,
108.jpeg,টাংগাইল: হ ১৪-৬৪৬৪,ঢাকা -হ ১৪৬৪৬৪,গাইবান্ধা -হ ১৪-৬৪৬৪,,,,,,
173.jpeg,হ ১৫-১৪৪৫ বগুড়া-,ঢাকা মেট্রো-হ ১৫১৪৪৫,বগুড়া মেট্রো-হ ১৫-১৪৪৫,,,,,,
115.jpeg,1 টাংগাইল- ১৪-৭999 :!,ঢাকা মেট্রো-হ ২৪৭৭৭২,গাইবান্ধা মেট্রো-হ ২৪৭৭৭২,,,,,,
12.jpeg,ময়মনসিংহ- হ 7 |3 ১৫-৪৫৫৫,maimanshing মেট্রো-হ ,ময়মনসিংহ মেট্রো-হ ১৫-৪৫৫৫,,,,,,
123.jpeg,ল ট। ১১-২৯৬৭ গলাঠল,খুলনা মেট্রো-ল ,খুলনা মেট্রো-ল ১১-২৯৬৭,,,,,,
172.jpeg,ঢাকা মেট্রো-ক ৩-৮০৬৩,ঢাকা -ক ০৩৮০৬৩,ঢাকা মেট্রো-ক ০৩৮০৬৩,,,,,,
14.jpeg,ময়ামনসিংহ ১১-৮৬২৪,ঢাকা -হ ১১৩৮৬২,ঢাকা -হ ১১-৮৬২৪,,,,,,
150.jpeg,হ ৯ ঢাকা মেট্রেো ৫৩-৩৬ ,ঢাকা মেট্রো-হ ৫৩৩৬৮৯,ঢাকা মেট্রো-হ ৫৩৩৬৮৯,,,,,,
167.jpeg,বগুড়া- ল ১২-১৩৯০,ঢাকা মেট্রো-ল ২১২১৯০,বগুড়া মেট্রো-ল ১২-১৩৯০,,,,,,
154.jpeg,ঢাকা মে্ট্রোে গ ৩৫-২৮৫০,ঢাকা মেট্রো-গ ৩৫২৮৫০,ঢাকা মেট্রো-গ ৩৫-২৮৫০,,,,,,
16.jpeg,ল খাগড়াছড়ি ১১-০৯৯৬,ঢাকা মেট্রো-ল ১১০৯৯৬,ঢাকা মেট্রো-ল ১১-০৯৯৬,,,,,,
159.jpeg,মেট্রো গ ঢাকা ১৭-৯৬৭৬,ঢাকা মেট্রো-গ ২৭৯৬৭৬,ঢাকা মেট্রো গ ১৭-৯৬৭৬,,,,,,
143.jpeg,ঢাকা মেট্রৌ- ১১-১০১,ঢাকা -ল ১১১০০১,ঢাকা -ল ১১১০০১,,,,,,
169.jpeg,চ ৬ ৬1ক1 মেট্রেো ১৩-৮৩৯,ঢাকা মেট্রো-চ ১৩০৮৩৯,ঢাকা মেট্রো-চ ১৩০৮৩৯,,,,,,
155.jpeg,১১-৫৮৩৩,ঢাকা মেট্রো-ল ১১৫৮৩৩,ঢাকা মেট্রো-ল ১১-৫৮৩৩,,,,,,
157.jpeg,ঢাকা মেট্রো-ছ ৭১ং৩২১৪,ঢাকা মেট্রো-হ ৭১৩২১৪,ঢাকা মেট্রো-হ ৭১-৩২১৪,,,,,,
20.jpeg,ঢাকা মে-ট্রা গ ২০-৫৪৪৮,ঢাকা মেট্রো-গ ২০৫৪৪৮,ঢাকা মেট্রো-গ ২০-৫৪৪৮,,,,,,
41.jpeg,ঢীকী মেট্রো-ট ২৪-১৮৩১,ঢাকা -ট ৮৪১৮৩৯,ঢাকা মেট্রো-ট ২৪-১৮৩১,,,,,,
195.jpeg,নাটোর- ল |9 ১১-৬২৫০,খুলনা -ল ১১৬৫০৪,নাটোর -ল ১১-৬২৫০,,,,,,
3.jpeg,১১-৪৫২৫,ঢাকা -ল ১১৪৫২৫,ঢাকা -ল ১১-৪৫২৫,,,,,,
42.jpeg,[যজযেঙ, -খ ১১৫৫১৬, -খ ১১৫৫১৬,,,,,,
35.jpeg,চ] মেদোৌ৩ ১৯৪৫89১,চট্ট -গ ১৫৪৩৮৯,চট্ট -গ ১৫৪৩৮৯,,,,,,
193.jpeg,ঢাকা মেট্রৌো-ব ১১:১০১০,ঢাকা মেট্রো-ব ১১১০১০,ঢাকা মেট্রো-ব ১১-১০১০,,,,,,
5.jpeg,ময়মনসিংহ- হ ১৫-তত৮,maimanshing -ট ১৫৩৩৮৬,ময়মনসিংহ -ট ১৫৩৩৮৬,,,,,,
2.jpeg,5 ময়মনসিং ছ ৬৯২৪,ঢাকা -হ ১৩৬২৪২,ময়মনসিংহ -হ ১৩৬২৪২,,,,,,
53.jpeg,ল ময়মনসিংহ- ১১-৯১৪৫,ঢাকা মেট্রো-ল ১১৯১৪৫,ময়মনসিংহ মেট্রো-ল ১১-৯১৪৫,,,,,,
183.jpeg,9| মেদ্রেৌ' ঢাকা |8২-০993,ঢাকা মেট্রো-হ ৪২০০০৩,ঢাকা মেট্রো-হ ৪২০০০৩,,,,,,
44.jpeg,হ ১৫-৪৪৮১ ময়মনসিংহ:,ঢাকা মেট্রো-হ ৫০৪৪৮৫,ময়মনসিংহ মেট্রো-হ ১৫-৪৪৮১,,,,,,
182.jpeg,জামালপুর,খুলনা মেট্রো-গ ,মাগুরা মেট্রো-গ ,,,,,,
6.jpeg,১১-৮৮১২,ঢাকা মেট্রো-ল ১১৮৮১২,ঢাকা মেট্রো-ল ১১-৮৮১২,,,,,,
43.jpeg,চট্র মেট্রো-ঢ ৮১-৩৭৫৮,ঢাকা -ঢ ৮১৩৭৫৮,ঢাকা মেট্রো-ঢ ৮১-৩৭৫৮,,,,,,
200.jpeg,নাটোর- হ ১৩-২৩৪৬,ঢাকা -হ ,নাটোর -হ ১৩-২৩৪৬,,,,,,
51.jpeg,ময়মনসিংহ- ল ১১-উ১৭,ঢাকা মেট্রো-ল ,ময়মনসিংহ মেট্রো-ল ,,,,,,
37.jpeg,চট্র মেট্রো-ঢ ৮১-৩৭৫৮,ঢাকা -ঢ ৮১৩৭৫৮,ঢাকা মেট্রো-ঢ ৮১-৩৭৫৮,,,,,,
39.jpeg,ঢাকা খেট্রোন্ট ১১৬২৬৪,ঢাকা -ট ১৬৫২৬৪,ঢাকা -ট ১৬৫২৬৪,,,,,,
29.jpeg,ঢাকােট্রে্ট ১৯৬২৬৪,ঢাকা -ট ৮৬২৬৮৪,ঢাকা -ট ৮৬২৬৮৪,,,,,,
52.jpeg,ময়মনসিংহ- হ ১৫-৩ড৯৮,ঢাকা -হ ১৫৩৯২৮,ময়মনসিংহ -হ ১৫৩৯২৮,,,,,,
4.jpeg,১৪-৬৬৩০,ঢাকা -খ ১৪৬৬৩০,ঢাকা -খ ১৪-৬৬৩০,,,,,,
33.jpeg,পঞ্চগড়- ল ১১-০8২২,ঢাকা -ল ১১০৪২২,পঞ্চগড় -ল ১১০৪২২,,,,,,
47.jpeg,যীজমট্রো্ট ১১০১৮৯,ঢাকা -ট ১১০১৮৯,ঢাকা -ট ১১০১৮৯,,,,,,
7.jpeg,ময়মনসিংহ- হ ১৩-৫৬৭১,maimanshing মেট্রো-হ ৩৫৬৭২১,ময়মনসিংহ মেট্রো-হ ১৩-৫৬৭১,,,,,,
8.jpeg,হ ময়মনসিংহ- ১৫-৩৩৩১,ঢাকা মেট্রো-হ ১৫৩০৩৩,ময়মনসিংহ মেট্রো-হ ১৫-৩৩৩১,,,,,,
97.jpeg,ঢা :গাহল- হ ১১-8১৭8,ঢাকা মেট্রো-হ ২১১২২৫,ঢাকা মেট্রো-হ ২১১২২৫,,,,,,
87.jpeg,১১ ৫৯৬১,চট্ট মেট্রো-গ ১১৫৯১৮,চট্ট মেট্রো-গ ১১-৫৯৬১,,,,,,
93.jpeg,১১-৩৮৯৫,ঢাকা মেট্রো-ল ১১০৩৯৫,ঢাকা মেট্রো-ল ১১-৩৮৯৫,,,,,,
88.jpeg,বরিশাল: ল 9^ ১১-৩৭৮১,ঢাকা মেট্রো-ল ১১০৩৭৮,বরিশাল মেট্রো-ল ১১-৩৭৮১,,,,,,
9.jpeg,;_3] ময়মনসিংহ- ল ১১-৬৭৪৯,maimanshing মেট্রো-ল ২২১১৬৭,ময়মনসিংহ মেট্রো-ল ১১-৬৭৪৯,,,,,,
89.jpeg,ন|: গ' < ১২-৪৫৫৯,ঢাকা -ব ১২৪৫৫৯,ঢাকা -ব ১২-৪৫৫৯,,,,,,
91.jpeg,ঢাকা মেট্রো-ঘ ১১-৪১৮২,ঢাকা মেট্রো-ঘ ১১৪১৮২,ঢাকা মেট্রো-ঘ ১১-৪১৮২,,,,,,
Vehicle1366.png,ঢাকা মেট্রো-গ ১৫-০৫৬৮,ঢাকা মেট্রো-গ ১৫০৫৬৮,ঢাকা মেট্রো-গ ১৫-০৫৬৮,,,,,,
Vehicle1485.png,ঢাকা মে-ট্রা গ ৩১৪৭২৭৮,ঢাকা মেট্রো-গ ৩১৭২৭৮,ঢাকা মেট্রো-গ ৩১-৭২৭৮,,,,,,
Vehicle1734.png,চট্ট মেট্রো গ ১২-৭৬৬৬,চট্ট মেট্রো-গ ১২০৭৬৬,চট্ট মেট্রো গ ১২-৭৬৬৬,,,,,,
Vehicle1735.png,ঢাকা মেট্রো গ ১৫-৪৮৩০,ঢাকা মেট্রো-গ ০৫৪৩০০,ঢাকা মেট্রো গ ১৫-৪৮৩০,,,,,,
Vehicle1737.png,ঢাকা মট্রা চ ৬-০৮৬৪,ঢাকা মেট্রো-চ ১৬০৮৬৪,ঢাকা মেট্রো-চ ১৬০৮৬৪,,,,,,
Vehicle1736.png,ঢাকা মেট্রো-গ ৪২-৭৮৬৮,ঢাকা -গ ৪২৭৮৬৮,ঢাকা মেট্রো-গ ৪২-৭৮৬৮,,,,,,
Vehicle1730-Copy.png,চট্ট মেট্রো গ ১১-৭২৮,ঢাকা মেট্রো-গ ১১০৭২৮,চট্ট মেট্রো গ ১১০৭২৮,,,,,,
